mode,context,name,level,element,rank,archetype,legacyActualLevel,legacyActualElement,sameLevel,legacyAbilityPointTotal,shadowAbilityPointBudget,attackPoints,intelligencePoints,vitalityPoints,energyPoints,defensePoints,agilityPoints,legacy_maxHP,shadow_maxHP,differencePercent_maxHP,legacy_maxSP,shadow_maxSP,differencePercent_maxSP,legacy_physicalAttack,shadow_physicalAttack,differencePercent_physicalAttack,legacy_magicAttack,shadow_magicAttack,differencePercent_magicAttack,legacy_defense,shadow_defense,differencePercent_defense,legacy_speed,shadow_speed,differencePercent_speed,legacyProvenance
wild,wild/zone/0,Shadow specimen,1,fire,regular,physical,1,fire,True,8,0,0,0,0,0,0,0,57,100,75.4386,36,50,38.8889,18,30,66.6667,16,30,87.5,8,30,275,0,0,,"actual V131/V158, diagnostic zone band 0; wild smallBoss direct rank is comparison only"
daily,daily/diagnostic,Shadow specimen,1,fire,regular,physical,1,fire,True,4,0,0,0,0,0,0,0,86,100,16.2791,54,50,-7.4074,18,30,66.6667,17,30,76.4706,23,30,30.4348,0,0,,"actual V132 + V158 exp; explicit three-member party, stage unspecified"
tower,tower/floor/1,Shadow specimen,1,fire,regular,physical,30,fire,False,70,0,0,0,0,0,0,0,572,100,-82.5175,372,50,-86.5591,206,30,-85.4369,185.75,30,-83.8493,246,30,-87.8049,10,0,-100,actual Tower builders; smallBoss outside 10-multiple floor is diagnostic only
abyss,abyss/diagnostic,Shadow specimen,1,fire,regular,physical,20,earth,False,50,0,0,0,0,0,0,0,724,100,-86.1878,286,50,-82.5175,150,30,-80,137.5,30,-78.1818,180,30,-83.3333,7,0,-100,"actual V174 east-region 20 encounter; different level/element explicitly recorded, NOT same-level TTK comparison"
adventure,adventure/diagnostic,Shadow specimen,1,fire,regular,physical,1,fire,True,12,0,0,0,0,0,0,0,150,100,-33.3333,95,50,-47.3684,46,30,-34.7826,42.25,30,-28.9941,41,30,-26.8293,0,0,,actual final makeZoneMonster (Adventure direct construction contract)
wild,wild/zone/0,Shadow specimen,1,fire,elite,physical,1,fire,True,8,0,0,0,0,0,0,0,57,100,75.4386,36,50,38.8889,18,30,66.6667,16,30,87.5,8,30,275,0,0,,"actual V131/V158, diagnostic zone band 0; wild smallBoss direct rank is comparison only"
daily,daily/diagnostic,Shadow specimen,1,fire,elite,physical,1,fire,True,4,0,0,0,0,0,0,0,275,100,-63.6364,109,50,-54.1284,18,30,66.6667,17,30,76.4706,29,30,3.4483,0,0,,"actual V132 + V158 exp; explicit three-member party, stage unspecified"
tower,tower/floor/1,Shadow specimen,1,fire,elite,physical,30,fire,False,70,0,0,0,0,0,0,0,1830,100,-94.5355,744,50,-93.2796,206,30,-85.4369,185.75,30,-83.8493,308,30,-90.2597,10,0,-100,actual Tower builders; smallBoss outside 10-multiple floor is diagnostic only
abyss,abyss/diagnostic,Shadow specimen,1,fire,elite,physical,20,earth,False,50,0,0,0,0,0,0,0,2317,100,-95.6841,572,50,-91.2587,150,30,-80,137.5,30,-78.1818,225,30,-86.6667,7,0,-100,"actual V174 east-region 20 encounter; different level/element explicitly recorded, NOT same-level TTK comparison"
adventure,adventure/diagnostic,Shadow specimen,1,fire,elite,physical,1,fire,True,12,0,0,0,0,0,0,0,150,100,-33.3333,95,50,-47.3684,46,30,-34.7826,42.25,30,-28.9941,41,30,-26.8293,0,0,,actual final makeZoneMonster (Adventure direct construction contract)
wild,wild/zone/0,Shadow specimen,1,fire,smallBoss,physical,1,fire,True,8,0,0,0,0,0,0,0,57,100,75.4386,36,50,38.8889,18,30,66.6667,16,30,87.5,8,30,275,0,0,,"actual V131/V158, diagnostic zone band 0; wild smallBoss direct rank is comparison only"
daily,daily/diagnostic,Shadow specimen,1,fire,smallBoss,physical,1,fire,True,4,0,0,0,0,0,0,0,387,100,-74.1602,109,50,-54.1284,18,30,66.6667,17,30,76.4706,32,30,-6.25,0,0,,"actual V132 + V158 exp; explicit three-member party, stage unspecified"
tower,tower/floor/1,Shadow specimen,1,fire,smallBoss,physical,30,fire,False,70,0,0,0,0,0,0,0,11943,100,-99.1627,744,50,-93.2796,247,30,-87.8543,223,30,-86.5471,344,30,-91.2791,10,0,-100,actual Tower builders; smallBoss outside 10-multiple floor is diagnostic only
abyss,abyss/diagnostic,Shadow specimen,1,fire,smallBoss,physical,20,earth,False,50,0,0,0,0,0,0,0,5793,100,-98.2738,572,50,-91.2587,150,30,-80,137.5,30,-78.1818,252,30,-88.0952,7,0,-100,"actual V174 east-region 20 encounter; different level/element explicitly recorded, NOT same-level TTK comparison"
adventure,adventure/diagnostic,Shadow specimen,1,fire,smallBoss,physical,1,fire,True,12,0,0,0,0,0,0,0,150,100,-33.3333,95,50,-47.3684,46,30,-34.7826,42.25,30,-28.9941,41,30,-26.8293,0,0,,actual final makeZoneMonster (Adventure direct construction contract)
wild,wild/zone/0,Shadow specimen,1,fire,regular,magic,1,fire,True,8,0,0,0,0,0,0,0,57,100,75.4386,36,50,38.8889,18,30,66.6667,16,30,87.5,8,30,275,0,0,,"actual V131/V158, diagnostic zone band 0; wild smallBoss direct rank is comparison only"
daily,daily/diagnostic,Shadow specimen,1,fire,regular,magic,1,fire,True,4,0,0,0,0,0,0,0,86,100,16.2791,54,50,-7.4074,18,30,66.6667,17,30,76.4706,23,30,30.4348,0,0,,"actual V132 + V158 exp; explicit three-member party, stage unspecified"
tower,tower/floor/1,Shadow specimen,1,fire,regular,magic,30,fire,False,70,0,0,0,0,0,0,0,572,100,-82.5175,372,50,-86.5591,206,30,-85.4369,185.75,30,-83.8493,246,30,-87.8049,10,0,-100,actual Tower builders; smallBoss outside 10-multiple floor is diagnostic only
abyss,abyss/diagnostic,Shadow specimen,1,fire,regular,magic,20,earth,False,50,0,0,0,0,0,0,0,724,100,-86.1878,286,50,-82.5175,150,30,-80,137.5,30,-78.1818,180,30,-83.3333,7,0,-100,"actual V174 east-region 20 encounter; different level/element explicitly recorded, NOT same-level TTK comparison"
adventure,adventure/diagnostic,Shadow specimen,1,fire,regular,magic,1,fire,True,12,0,0,0,0,0,0,0,150,100,-33.3333,95,50,-47.3684,46,30,-34.7826,42.25,30,-28.9941,41,30,-26.8293,0,0,,actual final makeZoneMonster (Adventure direct construction contract)
wild,wild/zone/0,Shadow specimen,1,fire,elite,magic,1,fire,True,8,0,0,0,0,0,0,0,57,100,75.4386,36,50,38.8889,18,30,66.6667,16,30,87.5,8,30,275,0,0,,"actual V131/V158, diagnostic zone band 0; wild smallBoss direct rank is comparison only"
daily,daily/diagnostic,Shadow specimen,1,fire,elite,magic,1,fire,True,4,0,0,0,0,0,0,0,275,100,-63.6364,109,50,-54.1284,18,30,66.6667,17,30,76.4706,29,30,3.4483,0,0,,"actual V132 + V158 exp; explicit three-member party, stage unspecified"
tower,tower/floor/1,Shadow specimen,1,fire,elite,magic,30,fire,False,70,0,0,0,0,0,0,0,1830,100,-94.5355,744,50,-93.2796,206,30,-85.4369,185.75,30,-83.8493,308,30,-90.2597,10,0,-100,actual Tower builders; smallBoss outside 10-multiple floor is diagnostic only
abyss,abyss/diagnostic,Shadow specimen,1,fire,elite,magic,20,earth,False,50,0,0,0,0,0,0,0,2317,100,-95.6841,572,50,-91.2587,150,30,-80,137.5,30,-78.1818,225,30,-86.6667,7,0,-100,"actual V174 east-region 20 encounter; different level/element explicitly recorded, NOT same-level TTK comparison"
adventure,adventure/diagnostic,Shadow specimen,1,fire,elite,magic,1,fire,True,12,0,0,0,0,0,0,0,150,100,-33.3333,95,50,-47.3684,46,30,-34.7826,42.25,30,-28.9941,41,30,-26.8293,0,0,,actual final makeZoneMonster (Adventure direct construction contract)
wild,wild/zone/0,Shadow specimen,1,fire,smallBoss,magic,1,fire,True,8,0,0,0,0,0,0,0,57,100,75.4386,36,50,38.8889,18,30,66.6667,16,30,87.5,8,30,275,0,0,,"actual V131/V158, diagnostic zone band 0; wild smallBoss direct rank is comparison only"
daily,daily/diagnostic,Shadow specimen,1,fire,smallBoss,magic,1,fire,True,4,0,0,0,0,0,0,0,387,100,-74.1602,109,50,-54.1284,18,30,66.6667,17,30,76.4706,32,30,-6.25,0,0,,"actual V132 + V158 exp; explicit three-member party, stage unspecified"
tower,tower/floor/1,Shadow specimen,1,fire,smallBoss,magic,30,fire,False,70,0,0,0,0,0,0,0,11943,100,-99.1627,744,50,-93.2796,247,30,-87.8543,223,30,-86.5471,344,30,-91.2791,10,0,-100,actual Tower builders; smallBoss outside 10-multiple floor is diagnostic only
abyss,abyss/diagnostic,Shadow specimen,1,fire,smallBoss,magic,20,earth,False,50,0,0,0,0,0,0,0,5793,100,-98.2738,572,50,-91.2587,150,30,-80,137.5,30,-78.1818,252,30,-88.0952,7,0,-100,"actual V174 east-region 20 encounter; different level/element explicitly recorded, NOT same-level TTK comparison"
adventure,adventure/diagnostic,Shadow specimen,1,fire,smallBoss,magic,1,fire,True,12,0,0,0,0,0,0,0,150,100,-33.3333,95,50,-47.3684,46,30,-34.7826,42.25,30,-28.9941,41,30,-26.8293,0,0,,actual final makeZoneMonster (Adventure direct construction contract)
wild,wild/zone/0,Shadow specimen,1,fire,regular,tank,1,fire,True,8,0,0,0,0,0,0,0,57,100,75.4386,36,50,38.8889,18,30,66.6667,16,30,87.5,8,30,275,0,0,,"actual V131/V158, diagnostic zone band 0; wild smallBoss direct rank is comparison only"
daily,daily/diagnostic,Shadow specimen,1,fire,regular,tank,1,fire,True,4,0,0,0,0,0,0,0,86,100,16.2791,54,50,-7.4074,18,30,66.6667,17,30,76.4706,23,30,30.4348,0,0,,"actual V132 + V158 exp; explicit three-member party, stage unspecified"
tower,tower/floor/1,Shadow specimen,1,fire,regular,tank,30,fire,False,70,0,0,0,0,0,0,0,572,100,-82.5175,372,50,-86.5591,206,30,-85.4369,185.75,30,-83.8493,246,30,-87.8049,10,0,-100,actual Tower builders; smallBoss outside 10-multiple floor is diagnostic only
abyss,abyss/diagnostic,Shadow specimen,1,fire,regular,tank,20,earth,False,50,0,0,0,0,0,0,0,724,100,-86.1878,286,50,-82.5175,150,30,-80,137.5,30,-78.1818,180,30,-83.3333,7,0,-100,"actual V174 east-region 20 encounter; different level/element explicitly recorded, NOT same-level TTK comparison"
adventure,adventure/diagnostic,Shadow specimen,1,fire,regular,tank,1,fire,True,12,0,0,0,0,0,0,0,150,100,-33.3333,95,50,-47.3684,46,30,-34.7826,42.25,30,-28.9941,41,30,-26.8293,0,0,,actual final makeZoneMonster (Adventure direct construction contract)
wild,wild/zone/0,Shadow specimen,1,fire,elite,tank,1,fire,True,8,0,0,0,0,0,0,0,57,100,75.4386,36,50,38.8889,18,30,66.6667,16,30,87.5,8,30,275,0,0,,"actual V131/V158, diagnostic zone band 0; wild smallBoss direct rank is comparison only"
daily,daily/diagnostic,Shadow specimen,1,fire,elite,tank,1,fire,True,4,0,0,0,0,0,0,0,275,100,-63.6364,109,50,-54.1284,18,30,66.6667,17,30,76.4706,29,30,3.4483,0,0,,"actual V132 + V158 exp; explicit three-member party, stage unspecified"
tower,tower/floor/1,Shadow specimen,1,fire,elite,tank,30,fire,False,70,0,0,0,0,0,0,0,1830,100,-94.5355,744,50,-93.2796,206,30,-85.4369,185.75,30,-83.8493,308,30,-90.2597,10,0,-100,actual Tower builders; smallBoss outside 10-multiple floor is diagnostic only
abyss,abyss/diagnostic,Shadow specimen,1,fire,elite,tank,20,earth,False,50,0,0,0,0,0,0,0,2317,100,-95.6841,572,50,-91.2587,150,30,-80,137.5,30,-78.1818,225,30,-86.6667,7,0,-100,"actual V174 east-region 20 encounter; different level/element explicitly recorded, NOT same-level TTK comparison"
adventure,adventure/diagnostic,Shadow specimen,1,fire,elite,tank,1,fire,True,12,0,0,0,0,0,0,0,150,100,-33.3333,95,50,-47.3684,46,30,-34.7826,42.25,30,-28.9941,41,30,-26.8293,0,0,,actual final makeZoneMonster (Adventure direct construction contract)
wild,wild/zone/0,Shadow specimen,1,fire,smallBoss,tank,1,fire,True,8,0,0,0,0,0,0,0,57,100,75.4386,36,50,38.8889,18,30,66.6667,16,30,87.5,8,30,275,0,0,,"actual V131/V158, diagnostic zone band 0; wild smallBoss direct rank is comparison only"
daily,daily/diagnostic,Shadow specimen,1,fire,smallBoss,tank,1,fire,True,4,0,0,0,0,0,0,0,387,100,-74.1602,109,50,-54.1284,18,30,66.6667,17,30,76.4706,32,30,-6.25,0,0,,"actual V132 + V158 exp; explicit three-member party, stage unspecified"
tower,tower/floor/1,Shadow specimen,1,fire,smallBoss,tank,30,fire,False,70,0,0,0,0,0,0,0,11943,100,-99.1627,744,50,-93.2796,247,30,-87.8543,223,30,-86.5471,344,30,-91.2791,10,0,-100,actual Tower builders; smallBoss outside 10-multiple floor is diagnostic only
abyss,abyss/diagnostic,Shadow specimen,1,fire,smallBoss,tank,20,earth,False,50,0,0,0,0,0,0,0,5793,100,-98.2738,572,50,-91.2587,150,30,-80,137.5,30,-78.1818,252,30,-88.0952,7,0,-100,"actual V174 east-region 20 encounter; different level/element explicitly recorded, NOT same-level TTK comparison"
adventure,adventure/diagnostic,Shadow specimen,1,fire,smallBoss,tank,1,fire,True,12,0,0,0,0,0,0,0,150,100,-33.3333,95,50,-47.3684,46,30,-34.7826,42.25,30,-28.9941,41,30,-26.8293,0,0,,actual final makeZoneMonster (Adventure direct construction contract)
wild,wild/zone/0,Shadow specimen,1,fire,regular,speedControl,1,fire,True,8,0,0,0,0,0,0,0,57,100,75.4386,36,50,38.8889,18,30,66.6667,16,30,87.5,8,30,275,0,0,,"actual V131/V158, diagnostic zone band 0; wild smallBoss direct rank is comparison only"
daily,daily/diagnostic,Shadow specimen,1,fire,regular,speedControl,1,fire,True,4,0,0,0,0,0,0,0,86,100,16.2791,54,50,-7.4074,18,30,66.6667,17,30,76.4706,23,30,30.4348,0,0,,"actual V132 + V158 exp; explicit three-member party, stage unspecified"
tower,tower/floor/1,Shadow specimen,1,fire,regular,speedControl,30,fire,False,70,0,0,0,0,0,0,0,572,100,-82.5175,372,50,-86.5591,206,30,-85.4369,185.75,30,-83.8493,246,30,-87.8049,10,0,-100,actual Tower builders; smallBoss outside 10-multiple floor is diagnostic only
abyss,abyss/diagnostic,Shadow specimen,1,fire,regular,speedControl,20,earth,False,50,0,0,0,0,0,0,0,724,100,-86.1878,286,50,-82.5175,150,30,-80,137.5,30,-78.1818,180,30,-83.3333,7,0,-100,"actual V174 east-region 20 encounter; different level/element explicitly recorded, NOT same-level TTK comparison"
adventure,adventure/diagnostic,Shadow specimen,1,fire,regular,speedControl,1,fire,True,12,0,0,0,0,0,0,0,150,100,-33.3333,95,50,-47.3684,46,30,-34.7826,42.25,30,-28.9941,41,30,-26.8293,0,0,,actual final makeZoneMonster (Adventure direct construction contract)
wild,wild/zone/0,Shadow specimen,1,fire,elite,speedControl,1,fire,True,8,0,0,0,0,0,0,0,57,100,75.4386,36,50,38.8889,18,30,66.6667,16,30,87.5,8,30,275,0,0,,"actual V131/V158, diagnostic zone band 0; wild smallBoss direct rank is comparison only"
daily,daily/diagnostic,Shadow specimen,1,fire,elite,speedControl,1,fire,True,4,0,0,0,0,0,0,0,275,100,-63.6364,109,50,-54.1284,18,30,66.6667,17,30,76.4706,29,30,3.4483,0,0,,"actual V132 + V158 exp; explicit three-member party, stage unspecified"
tower,tower/floor/1,Shadow specimen,1,fire,elite,speedControl,30,fire,False,70,0,0,0,0,0,0,0,1830,100,-94.5355,744,50,-93.2796,206,30,-85.4369,185.75,30,-83.8493,308,30,-90.2597,10,0,-100,actual Tower builders; smallBoss outside 10-multiple floor is diagnostic only
abyss,abyss/diagnostic,Shadow specimen,1,fire,elite,speedControl,20,earth,False,50,0,0,0,0,0,0,0,2317,100,-95.6841,572,50,-91.2587,150,30,-80,137.5,30,-78.1818,225,30,-86.6667,7,0,-100,"actual V174 east-region 20 encounter; different level/element explicitly recorded, NOT same-level TTK comparison"
adventure,adventure/diagnostic,Shadow specimen,1,fire,elite,speedControl,1,fire,True,12,0,0,0,0,0,0,0,150,100,-33.3333,95,50,-47.3684,46,30,-34.7826,42.25,30,-28.9941,41,30,-26.8293,0,0,,actual final makeZoneMonster (Adventure direct construction contract)
wild,wild/zone/0,Shadow specimen,1,fire,smallBoss,speedControl,1,fire,True,8,0,0,0,0,0,0,0,57,100,75.4386,36,50,38.8889,18,30,66.6667,16,30,87.5,8,30,275,0,0,,"actual V131/V158, diagnostic zone band 0; wild smallBoss direct rank is comparison only"
daily,daily/diagnostic,Shadow specimen,1,fire,smallBoss,speedControl,1,fire,True,4,0,0,0,0,0,0,0,387,100,-74.1602,109,50,-54.1284,18,30,66.6667,17,30,76.4706,32,30,-6.25,0,0,,"actual V132 + V158 exp; explicit three-member party, stage unspecified"
tower,tower/floor/1,Shadow specimen,1,fire,smallBoss,speedControl,30,fire,False,70,0,0,0,0,0,0,0,11943,100,-99.1627,744,50,-93.2796,247,30,-87.8543,223,30,-86.5471,344,30,-91.2791,10,0,-100,actual Tower builders; smallBoss outside 10-multiple floor is diagnostic only
abyss,abyss/diagnostic,Shadow specimen,1,fire,smallBoss,speedControl,20,earth,False,50,0,0,0,0,0,0,0,5793,100,-98.2738,572,50,-91.2587,150,30,-80,137.5,30,-78.1818,252,30,-88.0952,7,0,-100,"actual V174 east-region 20 encounter; different level/element explicitly recorded, NOT same-level TTK comparison"
adventure,adventure/diagnostic,Shadow specimen,1,fire,smallBoss,speedControl,1,fire,True,12,0,0,0,0,0,0,0,150,100,-33.3333,95,50,-47.3684,46,30,-34.7826,42.25,30,-28.9941,41,30,-26.8293,0,0,,actual final makeZoneMonster (Adventure direct construction contract)
wild,wild/zone/0,Shadow specimen,1,fire,regular,support,1,fire,True,8,0,0,0,0,0,0,0,57,100,75.4386,36,50,38.8889,18,30,66.6667,16,30,87.5,8,30,275,0,0,,"actual V131/V158, diagnostic zone band 0; wild smallBoss direct rank is comparison only"
daily,daily/diagnostic,Shadow specimen,1,fire,regular,support,1,fire,True,4,0,0,0,0,0,0,0,86,100,16.2791,54,50,-7.4074,18,30,66.6667,17,30,76.4706,23,30,30.4348,0,0,,"actual V132 + V158 exp; explicit three-member party, stage unspecified"
tower,tower/floor/1,Shadow specimen,1,fire,regular,support,30,fire,False,70,0,0,0,0,0,0,0,572,100,-82.5175,372,50,-86.5591,206,30,-85.4369,185.75,30,-83.8493,246,30,-87.8049,10,0,-100,actual Tower builders; smallBoss outside 10-multiple floor is diagnostic only
abyss,abyss/diagnostic,Shadow specimen,1,fire,regular,support,20,earth,False,50,0,0,0,0,0,0,0,724,100,-86.1878,286,50,-82.5175,150,30,-80,137.5,30,-78.1818,180,30,-83.3333,7,0,-100,"actual V174 east-region 20 encounter; different level/element explicitly recorded, NOT same-level TTK comparison"
adventure,adventure/diagnostic,Shadow specimen,1,fire,regular,support,1,fire,True,12,0,0,0,0,0,0,0,150,100,-33.3333,95,50,-47.3684,46,30,-34.7826,42.25,30,-28.9941,41,30,-26.8293,0,0,,actual final makeZoneMonster (Adventure direct construction contract)
wild,wild/zone/0,Shadow specimen,1,fire,elite,support,1,fire,True,8,0,0,0,0,0,0,0,57,100,75.4386,36,50,38.8889,18,30,66.6667,16,30,87.5,8,30,275,0,0,,"actual V131/V158, diagnostic zone band 0; wild smallBoss direct rank is comparison only"
daily,daily/diagnostic,Shadow specimen,1,fire,elite,support,1,fire,True,4,0,0,0,0,0,0,0,275,100,-63.6364,109,50,-54.1284,18,30,66.6667,17,30,76.4706,29,30,3.4483,0,0,,"actual V132 + V158 exp; explicit three-member party, stage unspecified"
tower,tower/floor/1,Shadow specimen,1,fire,elite,support,30,fire,False,70,0,0,0,0,0,0,0,1830,100,-94.5355,744,50,-93.2796,206,30,-85.4369,185.75,30,-83.8493,308,30,-90.2597,10,0,-100,actual Tower builders; smallBoss outside 10-multiple floor is diagnostic only
abyss,abyss/diagnostic,Shadow specimen,1,fire,elite,support,20,earth,False,50,0,0,0,0,0,0,0,2317,100,-95.6841,572,50,-91.2587,150,30,-80,137.5,30,-78.1818,225,30,-86.6667,7,0,-100,"actual V174 east-region 20 encounter; different level/element explicitly recorded, NOT same-level TTK comparison"
adventure,adventure/diagnostic,Shadow specimen,1,fire,elite,support,1,fire,True,12,0,0,0,0,0,0,0,150,100,-33.3333,95,50,-47.3684,46,30,-34.7826,42.25,30,-28.9941,41,30,-26.8293,0,0,,actual final makeZoneMonster (Adventure direct construction contract)
wild,wild/zone/0,Shadow specimen,1,fire,smallBoss,support,1,fire,True,8,0,0,0,0,0,0,0,57,100,75.4386,36,50,38.8889,18,30,66.6667,16,30,87.5,8,30,275,0,0,,"actual V131/V158, diagnostic zone band 0; wild smallBoss direct rank is comparison only"
daily,daily/diagnostic,Shadow specimen,1,fire,smallBoss,support,1,fire,True,4,0,0,0,0,0,0,0,387,100,-74.1602,109,50,-54.1284,18,30,66.6667,17,30,76.4706,32,30,-6.25,0,0,,"actual V132 + V158 exp; explicit three-member party, stage unspecified"
tower,tower/floor/1,Shadow specimen,1,fire,smallBoss,support,30,fire,False,70,0,0,0,0,0,0,0,11943,100,-99.1627,744,50,-93.2796,247,30,-87.8543,223,30,-86.5471,344,30,-91.2791,10,0,-100,actual Tower builders; smallBoss outside 10-multiple floor is diagnostic only
abyss,abyss/diagnostic,Shadow specimen,1,fire,smallBoss,support,20,earth,False,50,0,0,0,0,0,0,0,5793,100,-98.2738,572,50,-91.2587,150,30,-80,137.5,30,-78.1818,252,30,-88.0952,7,0,-100,"actual V174 east-region 20 encounter; different level/element explicitly recorded, NOT same-level TTK comparison"
adventure,adventure/diagnostic,Shadow specimen,1,fire,smallBoss,support,1,fire,True,12,0,0,0,0,0,0,0,150,100,-33.3333,95,50,-47.3684,46,30,-34.7826,42.25,30,-28.9941,41,30,-26.8293,0,0,,actual final makeZoneMonster (Adventure direct construction contract)
wild,wild/zone/0,Shadow specimen,1,fire,regular,balanced,1,fire,True,8,0,0,0,0,0,0,0,57,100,75.4386,36,50,38.8889,18,30,66.6667,16,30,87.5,8,30,275,0,0,,"actual V131/V158, diagnostic zone band 0; wild smallBoss direct rank is comparison only"
daily,daily/diagnostic,Shadow specimen,1,fire,regular,balanced,1,fire,True,4,0,0,0,0,0,0,0,86,100,16.2791,54,50,-7.4074,18,30,66.6667,17,30,76.4706,23,30,30.4348,0,0,,"actual V132 + V158 exp; explicit three-member party, stage unspecified"
tower,tower/floor/1,Shadow specimen,1,fire,regular,balanced,30,fire,False,70,0,0,0,0,0,0,0,572,100,-82.5175,372,50,-86.5591,206,30,-85.4369,185.75,30,-83.8493,246,30,-87.8049,10,0,-100,actual Tower builders; smallBoss outside 10-multiple floor is diagnostic only
abyss,abyss/diagnostic,Shadow specimen,1,fire,regular,balanced,20,earth,False,50,0,0,0,0,0,0,0,724,100,-86.1878,286,50,-82.5175,150,30,-80,137.5,30,-78.1818,180,30,-83.3333,7,0,-100,"actual V174 east-region 20 encounter; different level/element explicitly recorded, NOT same-level TTK comparison"
adventure,adventure/diagnostic,Shadow specimen,1,fire,regular,balanced,1,fire,True,12,0,0,0,0,0,0,0,150,100,-33.3333,95,50,-47.3684,46,30,-34.7826,42.25,30,-28.9941,41,30,-26.8293,0,0,,actual final makeZoneMonster (Adventure direct construction contract)
wild,wild/zone/0,Shadow specimen,1,fire,elite,balanced,1,fire,True,8,0,0,0,0,0,0,0,57,100,75.4386,36,50,38.8889,18,30,66.6667,16,30,87.5,8,30,275,0,0,,"actual V131/V158, diagnostic zone band 0; wild smallBoss direct rank is comparison only"
daily,daily/diagnostic,Shadow specimen,1,fire,elite,balanced,1,fire,True,4,0,0,0,0,0,0,0,275,100,-63.6364,109,50,-54.1284,18,30,66.6667,17,30,76.4706,29,30,3.4483,0,0,,"actual V132 + V158 exp; explicit three-member party, stage unspecified"
tower,tower/floor/1,Shadow specimen,1,fire,elite,balanced,30,fire,False,70,0,0,0,0,0,0,0,1830,100,-94.5355,744,50,-93.2796,206,30,-85.4369,185.75,30,-83.8493,308,30,-90.2597,10,0,-100,actual Tower builders; smallBoss outside 10-multiple floor is diagnostic only
abyss,abyss/diagnostic,Shadow specimen,1,fire,elite,balanced,20,earth,False,50,0,0,0,0,0,0,0,2317,100,-95.6841,572,50,-91.2587,150,30,-80,137.5,30,-78.1818,225,30,-86.6667,7,0,-100,"actual V174 east-region 20 encounter; different level/element explicitly recorded, NOT same-level TTK comparison"
adventure,adventure/diagnostic,Shadow specimen,1,fire,elite,balanced,1,fire,True,12,0,0,0,0,0,0,0,150,100,-33.3333,95,50,-47.3684,46,30,-34.7826,42.25,30,-28.9941,41,30,-26.8293,0,0,,actual final makeZoneMonster (Adventure direct construction contract)
wild,wild/zone/0,Shadow specimen,1,fire,smallBoss,balanced,1,fire,True,8,0,0,0,0,0,0,0,57,100,75.4386,36,50,38.8889,18,30,66.6667,16,30,87.5,8,30,275,0,0,,"actual V131/V158, diagnostic zone band 0; wild smallBoss direct rank is comparison only"
daily,daily/diagnostic,Shadow specimen,1,fire,smallBoss,balanced,1,fire,True,4,0,0,0,0,0,0,0,387,100,-74.1602,109,50,-54.1284,18,30,66.6667,17,30,76.4706,32,30,-6.25,0,0,,"actual V132 + V158 exp; explicit three-member party, stage unspecified"
tower,tower/floor/1,Shadow specimen,1,fire,smallBoss,balanced,30,fire,False,70,0,0,0,0,0,0,0,11943,100,-99.1627,744,50,-93.2796,247,30,-87.8543,223,30,-86.5471,344,30,-91.2791,10,0,-100,actual Tower builders; smallBoss outside 10-multiple floor is diagnostic only
abyss,abyss/diagnostic,Shadow specimen,1,fire,smallBoss,balanced,20,earth,False,50,0,0,0,0,0,0,0,5793,100,-98.2738,572,50,-91.2587,150,30,-80,137.5,30,-78.1818,252,30,-88.0952,7,0,-100,"actual V174 east-region 20 encounter; different level/element explicitly recorded, NOT same-level TTK comparison"
adventure,adventure/diagnostic,Shadow specimen,1,fire,smallBoss,balanced,1,fire,True,12,0,0,0,0,0,0,0,150,100,-33.3333,95,50,-47.3684,46,30,-34.7826,42.25,30,-28.9941,41,30,-26.8293,0,0,,actual final makeZoneMonster (Adventure direct construction contract)
wild,wild/zone/0,Shadow specimen,10,fire,regular,physical,10,fire,True,14,45,13,4,7,7,7,7,94,450,378.7234,53,155,192.4528,36,118,227.7778,33,65.75,99.2424,16,94,487.5,0,7,,"actual V131/V158, diagnostic zone band 0; wild smallBoss direct rank is comparison only"
daily,daily/diagnostic,Shadow specimen,10,fire,regular,physical,10,fire,True,10,45,13,4,7,7,7,7,143,450,214.6853,80,155,93.75,38,118,210.5263,35,65.75,87.8571,48,94,95.8333,1,7,600,"actual V132 + V158 exp; explicit three-member party, stage unspecified"
tower,tower/floor/10,Shadow specimen,10,fire,regular,physical,36,fire,False,82,45,13,4,7,7,7,7,644,450,-30.1242,415,155,-62.6506,238,118,-50.4202,218,65.75,-69.8394,283,94,-66.7845,12,7,-41.6667,actual Tower builders; smallBoss outside 10-multiple floor is diagnostic only
abyss,abyss/diagnostic,Shadow specimen,10,fire,regular,physical,20,earth,False,50,45,13,4,7,7,7,7,724,450,-37.8453,286,155,-45.8042,150,118,-21.3333,137.5,65.75,-52.1818,180,94,-47.7778,7,7,0,"actual V174 east-region 20 encounter; different level/element explicitly recorded, NOT same-level TTK comparison"
adventure,adventure/diagnostic,Shadow specimen,10,fire,regular,physical,10,fire,True,30,45,13,4,7,7,7,7,250,450,80,140,155,10.7143,94,118,25.5319,86.5,65.75,-23.9884,84,94,11.9048,3,7,133.3333,actual final makeZoneMonster (Adventure direct construction contract)
wild,wild/zone/0,Shadow specimen,10,fire,elite,physical,10,fire,True,14,45,13,4,7,7,7,7,94,450,378.7234,53,155,192.4528,36,118,227.7778,33,65.75,99.2424,16,94,487.5,0,7,,"actual V131/V158, diagnostic zone band 0; wild smallBoss direct rank is comparison only"
daily,daily/diagnostic,Shadow specimen,10,fire,elite,physical,10,fire,True,10,45,13,4,7,7,7,7,458,450,-1.7467,160,155,-3.125,38,118,210.5263,35,65.75,87.8571,60,94,56.6667,1,7,600,"actual V132 + V158 exp; explicit three-member party, stage unspecified"
tower,tower/floor/10,Shadow specimen,10,fire,elite,physical,36,fire,False,82,45,13,4,7,7,7,7,2061,450,-78.1659,830,155,-81.3253,238,118,-50.4202,218,65.75,-69.8394,354,94,-73.4463,12,7,-41.6667,actual Tower builders; smallBoss outside 10-multiple floor is diagnostic only
abyss,abyss/diagnostic,Shadow specimen,10,fire,elite,physical,20,earth,False,50,45,13,4,7,7,7,7,2317,450,-80.5783,572,155,-72.9021,150,118,-21.3333,137.5,65.75,-52.1818,225,94,-58.2222,7,7,0,"actual V174 east-region 20 encounter; different level/element explicitly recorded, NOT same-level TTK comparison"
adventure,adventure/diagnostic,Shadow specimen,10,fire,elite,physical,10,fire,True,30,45,13,4,7,7,7,7,250,450,80,140,155,10.7143,94,118,25.5319,86.5,65.75,-23.9884,84,94,11.9048,3,7,133.3333,actual final makeZoneMonster (Adventure direct construction contract)
wild,wild/zone/0,Shadow specimen,10,fire,smallBoss,physical,10,fire,True,14,45,13,4,7,7,7,7,94,450,378.7234,53,155,192.4528,36,118,227.7778,33,65.75,99.2424,16,94,487.5,0,7,,"actual V131/V158, diagnostic zone band 0; wild smallBoss direct rank is comparison only"
daily,daily/diagnostic,Shadow specimen,10,fire,smallBoss,physical,10,fire,True,10,45,13,4,7,7,7,7,644,450,-30.1242,160,155,-3.125,38,118,210.5263,35,65.75,87.8571,67,94,40.2985,1,7,600,"actual V132 + V158 exp; explicit three-member party, stage unspecified"
tower,tower/floor/10,Shadow specimen,10,fire,smallBoss,physical,36,fire,False,82,45,13,4,7,7,7,7,14084,450,-96.8049,830,155,-81.3253,293,118,-59.727,268,65.75,-75.4664,396,94,-76.2626,12,7,-41.6667,actual Tower builders; smallBoss outside 10-multiple floor is diagnostic only
abyss,abyss/diagnostic,Shadow specimen,10,fire,smallBoss,physical,20,earth,False,50,45,13,4,7,7,7,7,5793,450,-92.232,572,155,-72.9021,150,118,-21.3333,137.5,65.75,-52.1818,252,94,-62.6984,7,7,0,"actual V174 east-region 20 encounter; different level/element explicitly recorded, NOT same-level TTK comparison"
adventure,adventure/diagnostic,Shadow specimen,10,fire,smallBoss,physical,10,fire,True,30,45,13,4,7,7,7,7,250,450,80,140,155,10.7143,94,118,25.5319,86.5,65.75,-23.9884,84,94,11.9048,3,7,133.3333,actual final makeZoneMonster (Adventure direct construction contract)
wild,wild/zone/0,Shadow specimen,10,fire,regular,magic,10,fire,True,14,45,4,13,7,7,7,7,94,450,378.7234,53,155,192.4528,36,82,127.7778,33,90.5,174.2424,16,94,487.5,0,7,,"actual V131/V158, diagnostic zone band 0; wild smallBoss direct rank is comparison only"
daily,daily/diagnostic,Shadow specimen,10,fire,regular,magic,10,fire,True,10,45,4,13,7,7,7,7,143,450,214.6853,80,155,93.75,38,82,115.7895,35,90.5,158.5714,48,94,95.8333,1,7,600,"actual V132 + V158 exp; explicit three-member party, stage unspecified"
tower,tower/floor/10,Shadow specimen,10,fire,regular,magic,36,fire,False,82,45,4,13,7,7,7,7,644,450,-30.1242,415,155,-62.6506,238,82,-65.5462,218,90.5,-58.4862,283,94,-66.7845,12,7,-41.6667,actual Tower builders; smallBoss outside 10-multiple floor is diagnostic only
abyss,abyss/diagnostic,Shadow specimen,10,fire,regular,magic,20,earth,False,50,45,4,13,7,7,7,7,724,450,-37.8453,286,155,-45.8042,150,82,-45.3333,137.5,90.5,-34.1818,180,94,-47.7778,7,7,0,"actual V174 east-region 20 encounter; different level/element explicitly recorded, NOT same-level TTK comparison"
adventure,adventure/diagnostic,Shadow specimen,10,fire,regular,magic,10,fire,True,30,45,4,13,7,7,7,7,250,450,80,140,155,10.7143,94,82,-12.766,86.5,90.5,4.6243,84,94,11.9048,3,7,133.3333,actual final makeZoneMonster (Adventure direct construction contract)
wild,wild/zone/0,Shadow specimen,10,fire,elite,magic,10,fire,True,14,45,4,13,7,7,7,7,94,450,378.7234,53,155,192.4528,36,82,127.7778,33,90.5,174.2424,16,94,487.5,0,7,,"actual V131/V158, diagnostic zone band 0; wild smallBoss direct rank is comparison only"
daily,daily/diagnostic,Shadow specimen,10,fire,elite,magic,10,fire,True,10,45,4,13,7,7,7,7,458,450,-1.7467,160,155,-3.125,38,82,115.7895,35,90.5,158.5714,60,94,56.6667,1,7,600,"actual V132 + V158 exp; explicit three-member party, stage unspecified"
tower,tower/floor/10,Shadow specimen,10,fire,elite,magic,36,fire,False,82,45,4,13,7,7,7,7,2061,450,-78.1659,830,155,-81.3253,238,82,-65.5462,218,90.5,-58.4862,354,94,-73.4463,12,7,-41.6667,actual Tower builders; smallBoss outside 10-multiple floor is diagnostic only
abyss,abyss/diagnostic,Shadow specimen,10,fire,elite,magic,20,earth,False,50,45,4,13,7,7,7,7,2317,450,-80.5783,572,155,-72.9021,150,82,-45.3333,137.5,90.5,-34.1818,225,94,-58.2222,7,7,0,"actual V174 east-region 20 encounter; different level/element explicitly recorded, NOT same-level TTK comparison"
adventure,adventure/diagnostic,Shadow specimen,10,fire,elite,magic,10,fire,True,30,45,4,13,7,7,7,7,250,450,80,140,155,10.7143,94,82,-12.766,86.5,90.5,4.6243,84,94,11.9048,3,7,133.3333,actual final makeZoneMonster (Adventure direct construction contract)
wild,wild/zone/0,Shadow specimen,10,fire,smallBoss,magic,10,fire,True,14,45,4,13,7,7,7,7,94,450,378.7234,53,155,192.4528,36,82,127.7778,33,90.5,174.2424,16,94,487.5,0,7,,"actual V131/V158, diagnostic zone band 0; wild smallBoss direct rank is comparison only"
daily,daily/diagnostic,Shadow specimen,10,fire,smallBoss,magic,10,fire,True,10,45,4,13,7,7,7,7,644,450,-30.1242,160,155,-3.125,38,82,115.7895,35,90.5,158.5714,67,94,40.2985,1,7,600,"actual V132 + V158 exp; explicit three-member party, stage unspecified"
tower,tower/floor/10,Shadow specimen,10,fire,smallBoss,magic,36,fire,False,82,45,4,13,7,7,7,7,14084,450,-96.8049,830,155,-81.3253,293,82,-72.0137,268,90.5,-66.2313,396,94,-76.2626,12,7,-41.6667,actual Tower builders; smallBoss outside 10-multiple floor is diagnostic only
abyss,abyss/diagnostic,Shadow specimen,10,fire,smallBoss,magic,20,earth,False,50,45,4,13,7,7,7,7,5793,450,-92.232,572,155,-72.9021,150,82,-45.3333,137.5,90.5,-34.1818,252,94,-62.6984,7,7,0,"actual V174 east-region 20 encounter; different level/element explicitly recorded, NOT same-level TTK comparison"
adventure,adventure/diagnostic,Shadow specimen,10,fire,smallBoss,magic,10,fire,True,30,45,4,13,7,7,7,7,250,450,80,140,155,10.7143,94,82,-12.766,86.5,90.5,4.6243,84,94,11.9048,3,7,133.3333,actual final makeZoneMonster (Adventure direct construction contract)
wild,wild/zone/0,Shadow specimen,10,fire,regular,tank,10,fire,True,14,45,7,2,14,5,13,4,94,800,751.0638,53,125,135.8491,36,94,161.1111,33,60.25,82.5758,16,118,637.5,0,4,,"actual V131/V158, diagnostic zone band 0; wild smallBoss direct rank is comparison only"
daily,daily/diagnostic,Shadow specimen,10,fire,regular,tank,10,fire,True,10,45,7,2,14,5,13,4,143,800,459.4406,80,125,56.25,38,94,147.3684,35,60.25,72.1429,48,118,145.8333,1,4,300,"actual V132 + V158 exp; explicit three-member party, stage unspecified"
tower,tower/floor/10,Shadow specimen,10,fire,regular,tank,36,fire,False,82,45,7,2,14,5,13,4,644,800,24.2236,415,125,-69.8795,238,94,-60.5042,218,60.25,-72.3624,283,118,-58.3039,12,4,-66.6667,actual Tower builders; smallBoss outside 10-multiple floor is diagnostic only
abyss,abyss/diagnostic,Shadow specimen,10,fire,regular,tank,20,earth,False,50,45,7,2,14,5,13,4,724,800,10.4972,286,125,-56.2937,150,94,-37.3333,137.5,60.25,-56.1818,180,118,-34.4444,7,4,-42.8571,"actual V174 east-region 20 encounter; different level/element explicitly recorded, NOT same-level TTK comparison"
adventure,adventure/diagnostic,Shadow specimen,10,fire,regular,tank,10,fire,True,30,45,7,2,14,5,13,4,250,800,220,140,125,-10.7143,94,94,0,86.5,60.25,-30.3468,84,118,40.4762,3,4,33.3333,actual final makeZoneMonster (Adventure direct construction contract)
wild,wild/zone/0,Shadow specimen,10,fire,elite,tank,10,fire,True,14,45,7,2,14,5,13,4,94,800,751.0638,53,125,135.8491,36,94,161.1111,33,60.25,82.5758,16,118,637.5,0,4,,"actual V131/V158, diagnostic zone band 0; wild smallBoss direct rank is comparison only"
daily,daily/diagnostic,Shadow specimen,10,fire,elite,tank,10,fire,True,10,45,7,2,14,5,13,4,458,800,74.6725,160,125,-21.875,38,94,147.3684,35,60.25,72.1429,60,118,96.6667,1,4,300,"actual V132 + V158 exp; explicit three-member party, stage unspecified"
tower,tower/floor/10,Shadow specimen,10,fire,elite,tank,36,fire,False,82,45,7,2,14,5,13,4,2061,800,-61.1839,830,125,-84.9398,238,94,-60.5042,218,60.25,-72.3624,354,118,-66.6667,12,4,-66.6667,actual Tower builders; smallBoss outside 10-multiple floor is diagnostic only
abyss,abyss/diagnostic,Shadow specimen,10,fire,elite,tank,20,earth,False,50,45,7,2,14,5,13,4,2317,800,-65.4726,572,125,-78.1469,150,94,-37.3333,137.5,60.25,-56.1818,225,118,-47.5556,7,4,-42.8571,"actual V174 east-region 20 encounter; different level/element explicitly recorded, NOT same-level TTK comparison"
adventure,adventure/diagnostic,Shadow specimen,10,fire,elite,tank,10,fire,True,30,45,7,2,14,5,13,4,250,800,220,140,125,-10.7143,94,94,0,86.5,60.25,-30.3468,84,118,40.4762,3,4,33.3333,actual final makeZoneMonster (Adventure direct construction contract)
wild,wild/zone/0,Shadow specimen,10,fire,smallBoss,tank,10,fire,True,14,45,7,2,14,5,13,4,94,800,751.0638,53,125,135.8491,36,94,161.1111,33,60.25,82.5758,16,118,637.5,0,4,,"actual V131/V158, diagnostic zone band 0; wild smallBoss direct rank is comparison only"
daily,daily/diagnostic,Shadow specimen,10,fire,smallBoss,tank,10,fire,True,10,45,7,2,14,5,13,4,644,800,24.2236,160,125,-21.875,38,94,147.3684,35,60.25,72.1429,67,118,76.1194,1,4,300,"actual V132 + V158 exp; explicit three-member party, stage unspecified"
tower,tower/floor/10,Shadow specimen,10,fire,smallBoss,tank,36,fire,False,82,45,7,2,14,5,13,4,14084,800,-94.3198,830,125,-84.9398,293,94,-67.9181,268,60.25,-77.5187,396,118,-70.202,12,4,-66.6667,actual Tower builders; smallBoss outside 10-multiple floor is diagnostic only
abyss,abyss/diagnostic,Shadow specimen,10,fire,smallBoss,tank,20,earth,False,50,45,7,2,14,5,13,4,5793,800,-86.1902,572,125,-78.1469,150,94,-37.3333,137.5,60.25,-56.1818,252,118,-53.1746,7,4,-42.8571,"actual V174 east-region 20 encounter; different level/element explicitly recorded, NOT same-level TTK comparison"
adventure,adventure/diagnostic,Shadow specimen,10,fire,smallBoss,tank,10,fire,True,30,45,7,2,14,5,13,4,250,800,220,140,125,-10.7143,94,94,0,86.5,60.25,-30.3468,84,118,40.4762,3,4,33.3333,actual final makeZoneMonster (Adventure direct construction contract)
wild,wild/zone/0,Shadow specimen,10,fire,regular,speedControl,10,fire,True,14,45,5,9,7,7,4,13,94,450,378.7234,53,155,192.4528,36,86,138.8889,33,79.5,140.9091,16,82,412.5,0,13,,"actual V131/V158, diagnostic zone band 0; wild smallBoss direct rank is comparison only"
daily,daily/diagnostic,Shadow specimen,10,fire,regular,speedControl,10,fire,True,10,45,5,9,7,7,4,13,143,450,214.6853,80,155,93.75,38,86,126.3158,35,79.5,127.1429,48,82,70.8333,1,13,1200,"actual V132 + V158 exp; explicit three-member party, stage unspecified"
tower,tower/floor/10,Shadow specimen,10,fire,regular,speedControl,36,fire,False,82,45,5,9,7,7,4,13,644,450,-30.1242,415,155,-62.6506,238,86,-63.8655,218,79.5,-63.5321,283,82,-71.0247,12,13,8.3333,actual Tower builders; smallBoss outside 10-multiple floor is diagnostic only
abyss,abyss/diagnostic,Shadow specimen,10,fire,regular,speedControl,20,earth,False,50,45,5,9,7,7,4,13,724,450,-37.8453,286,155,-45.8042,150,86,-42.6667,137.5,79.5,-42.1818,180,82,-54.4444,7,13,85.7143,"actual V174 east-region 20 encounter; different level/element explicitly recorded, NOT same-level TTK comparison"
adventure,adventure/diagnostic,Shadow specimen,10,fire,regular,speedControl,10,fire,True,30,45,5,9,7,7,4,13,250,450,80,140,155,10.7143,94,86,-8.5106,86.5,79.5,-8.0925,84,82,-2.381,3,13,333.3333,actual final makeZoneMonster (Adventure direct construction contract)
wild,wild/zone/0,Shadow specimen,10,fire,elite,speedControl,10,fire,True,14,45,5,9,7,7,4,13,94,450,378.7234,53,155,192.4528,36,86,138.8889,33,79.5,140.9091,16,82,412.5,0,13,,"actual V131/V158, diagnostic zone band 0; wild smallBoss direct rank is comparison only"
daily,daily/diagnostic,Shadow specimen,10,fire,elite,speedControl,10,fire,True,10,45,5,9,7,7,4,13,458,450,-1.7467,160,155,-3.125,38,86,126.3158,35,79.5,127.1429,60,82,36.6667,1,13,1200,"actual V132 + V158 exp; explicit three-member party, stage unspecified"
tower,tower/floor/10,Shadow specimen,10,fire,elite,speedControl,36,fire,False,82,45,5,9,7,7,4,13,2061,450,-78.1659,830,155,-81.3253,238,86,-63.8655,218,79.5,-63.5321,354,82,-76.8362,12,13,8.3333,actual Tower builders; smallBoss outside 10-multiple floor is diagnostic only
abyss,abyss/diagnostic,Shadow specimen,10,fire,elite,speedControl,20,earth,False,50,45,5,9,7,7,4,13,2317,450,-80.5783,572,155,-72.9021,150,86,-42.6667,137.5,79.5,-42.1818,225,82,-63.5556,7,13,85.7143,"actual V174 east-region 20 encounter; different level/element explicitly recorded, NOT same-level TTK comparison"
adventure,adventure/diagnostic,Shadow specimen,10,fire,elite,speedControl,10,fire,True,30,45,5,9,7,7,4,13,250,450,80,140,155,10.7143,94,86,-8.5106,86.5,79.5,-8.0925,84,82,-2.381,3,13,333.3333,actual final makeZoneMonster (Adventure direct construction contract)
wild,wild/zone/0,Shadow specimen,10,fire,smallBoss,speedControl,10,fire,True,14,45,5,9,7,7,4,13,94,450,378.7234,53,155,192.4528,36,86,138.8889,33,79.5,140.9091,16,82,412.5,0,13,,"actual V131/V158, diagnostic zone band 0; wild smallBoss direct rank is comparison only"
daily,daily/diagnostic,Shadow specimen,10,fire,smallBoss,speedControl,10,fire,True,10,45,5,9,7,7,4,13,644,450,-30.1242,160,155,-3.125,38,86,126.3158,35,79.5,127.1429,67,82,22.3881,1,13,1200,"actual V132 + V158 exp; explicit three-member party, stage unspecified"
tower,tower/floor/10,Shadow specimen,10,fire,smallBoss,speedControl,36,fire,False,82,45,5,9,7,7,4,13,14084,450,-96.8049,830,155,-81.3253,293,86,-70.6485,268,79.5,-70.3358,396,82,-79.2929,12,13,8.3333,actual Tower builders; smallBoss outside 10-multiple floor is diagnostic only
abyss,abyss/diagnostic,Shadow specimen,10,fire,smallBoss,speedControl,20,earth,False,50,45,5,9,7,7,4,13,5793,450,-92.232,572,155,-72.9021,150,86,-42.6667,137.5,79.5,-42.1818,252,82,-67.4603,7,13,85.7143,"actual V174 east-region 20 encounter; different level/element explicitly recorded, NOT same-level TTK comparison"
adventure,adventure/diagnostic,Shadow specimen,10,fire,smallBoss,speedControl,10,fire,True,30,45,5,9,7,7,4,13,250,450,80,140,155,10.7143,94,86,-8.5106,86.5,79.5,-8.0925,84,82,-2.381,3,13,333.3333,actual final makeZoneMonster (Adventure direct construction contract)
wild,wild/zone/0,Shadow specimen,10,fire,regular,support,10,fire,True,14,45,2,11,7,11,5,9,94,450,378.7234,53,215,305.6604,36,74,105.5556,33,85,157.5758,16,86,437.5,0,9,,"actual V131/V158, diagnostic zone band 0; wild smallBoss direct rank is comparison only"
daily,daily/diagnostic,Shadow specimen,10,fire,regular,support,10,fire,True,10,45,2,11,7,11,5,9,143,450,214.6853,80,215,168.75,38,74,94.7368,35,85,142.8571,48,86,79.1667,1,9,800,"actual V132 + V158 exp; explicit three-member party, stage unspecified"
tower,tower/floor/10,Shadow specimen,10,fire,regular,support,36,fire,False,82,45,2,11,7,11,5,9,644,450,-30.1242,415,215,-48.1928,238,74,-68.9076,218,85,-61.0092,283,86,-69.6113,12,9,-25,actual Tower builders; smallBoss outside 10-multiple floor is diagnostic only
abyss,abyss/diagnostic,Shadow specimen,10,fire,regular,support,20,earth,False,50,45,2,11,7,11,5,9,724,450,-37.8453,286,215,-24.8252,150,74,-50.6667,137.5,85,-38.1818,180,86,-52.2222,7,9,28.5714,"actual V174 east-region 20 encounter; different level/element explicitly recorded, NOT same-level TTK comparison"
adventure,adventure/diagnostic,Shadow specimen,10,fire,regular,support,10,fire,True,30,45,2,11,7,11,5,9,250,450,80,140,215,53.5714,94,74,-21.2766,86.5,85,-1.7341,84,86,2.381,3,9,200,actual final makeZoneMonster (Adventure direct construction contract)
wild,wild/zone/0,Shadow specimen,10,fire,elite,support,10,fire,True,14,45,2,11,7,11,5,9,94,450,378.7234,53,215,305.6604,36,74,105.5556,33,85,157.5758,16,86,437.5,0,9,,"actual V131/V158, diagnostic zone band 0; wild smallBoss direct rank is comparison only"
daily,daily/diagnostic,Shadow specimen,10,fire,elite,support,10,fire,True,10,45,2,11,7,11,5,9,458,450,-1.7467,160,215,34.375,38,74,94.7368,35,85,142.8571,60,86,43.3333,1,9,800,"actual V132 + V158 exp; explicit three-member party, stage unspecified"
tower,tower/floor/10,Shadow specimen,10,fire,elite,support,36,fire,False,82,45,2,11,7,11,5,9,2061,450,-78.1659,830,215,-74.0964,238,74,-68.9076,218,85,-61.0092,354,86,-75.7062,12,9,-25,actual Tower builders; smallBoss outside 10-multiple floor is diagnostic only
abyss,abyss/diagnostic,Shadow specimen,10,fire,elite,support,20,earth,False,50,45,2,11,7,11,5,9,2317,450,-80.5783,572,215,-62.4126,150,74,-50.6667,137.5,85,-38.1818,225,86,-61.7778,7,9,28.5714,"actual V174 east-region 20 encounter; different level/element explicitly recorded, NOT same-level TTK comparison"
adventure,adventure/diagnostic,Shadow specimen,10,fire,elite,support,10,fire,True,30,45,2,11,7,11,5,9,250,450,80,140,215,53.5714,94,74,-21.2766,86.5,85,-1.7341,84,86,2.381,3,9,200,actual final makeZoneMonster (Adventure direct construction contract)
wild,wild/zone/0,Shadow specimen,10,fire,smallBoss,support,10,fire,True,14,45,2,11,7,11,5,9,94,450,378.7234,53,215,305.6604,36,74,105.5556,33,85,157.5758,16,86,437.5,0,9,,"actual V131/V158, diagnostic zone band 0; wild smallBoss direct rank is comparison only"
daily,daily/diagnostic,Shadow specimen,10,fire,smallBoss,support,10,fire,True,10,45,2,11,7,11,5,9,644,450,-30.1242,160,215,34.375,38,74,94.7368,35,85,142.8571,67,86,28.3582,1,9,800,"actual V132 + V158 exp; explicit three-member party, stage unspecified"
tower,tower/floor/10,Shadow specimen,10,fire,smallBoss,support,36,fire,False,82,45,2,11,7,11,5,9,14084,450,-96.8049,830,215,-74.0964,293,74,-74.744,268,85,-68.2836,396,86,-78.2828,12,9,-25,actual Tower builders; smallBoss outside 10-multiple floor is diagnostic only
abyss,abyss/diagnostic,Shadow specimen,10,fire,smallBoss,support,20,earth,False,50,45,2,11,7,11,5,9,5793,450,-92.232,572,215,-62.4126,150,74,-50.6667,137.5,85,-38.1818,252,86,-65.873,7,9,28.5714,"actual V174 east-region 20 encounter; different level/element explicitly recorded, NOT same-level TTK comparison"
adventure,adventure/diagnostic,Shadow specimen,10,fire,smallBoss,support,10,fire,True,30,45,2,11,7,11,5,9,250,450,80,140,215,53.5714,94,74,-21.2766,86.5,85,-1.7341,84,86,2.381,3,9,200,actual final makeZoneMonster (Adventure direct construction contract)
wild,wild/zone/0,Shadow specimen,10,fire,regular,balanced,10,fire,True,14,45,9,7,9,7,9,4,94,550,485.1064,53,155,192.4528,36,102,183.3333,33,74,124.2424,16,102,537.5,0,4,,"actual V131/V158, diagnostic zone band 0; wild smallBoss direct rank is comparison only"
daily,daily/diagnostic,Shadow specimen,10,fire,regular,balanced,10,fire,True,10,45,9,7,9,7,9,4,143,550,284.6154,80,155,93.75,38,102,168.4211,35,74,111.4286,48,102,112.5,1,4,300,"actual V132 + V158 exp; explicit three-member party, stage unspecified"
tower,tower/floor/10,Shadow specimen,10,fire,regular,balanced,36,fire,False,82,45,9,7,9,7,9,4,644,550,-14.5963,415,155,-62.6506,238,102,-57.1429,218,74,-66.055,283,102,-63.9576,12,4,-66.6667,actual Tower builders; smallBoss outside 10-multiple floor is diagnostic only
abyss,abyss/diagnostic,Shadow specimen,10,fire,regular,balanced,20,earth,False,50,45,9,7,9,7,9,4,724,550,-24.0331,286,155,-45.8042,150,102,-32,137.5,74,-46.1818,180,102,-43.3333,7,4,-42.8571,"actual V174 east-region 20 encounter; different level/element explicitly recorded, NOT same-level TTK comparison"
adventure,adventure/diagnostic,Shadow specimen,10,fire,regular,balanced,10,fire,True,30,45,9,7,9,7,9,4,250,550,120,140,155,10.7143,94,102,8.5106,86.5,74,-14.4509,84,102,21.4286,3,4,33.3333,actual final makeZoneMonster (Adventure direct construction contract)
wild,wild/zone/0,Shadow specimen,10,fire,elite,balanced,10,fire,True,14,45,9,7,9,7,9,4,94,550,485.1064,53,155,192.4528,36,102,183.3333,33,74,124.2424,16,102,537.5,0,4,,"actual V131/V158, diagnostic zone band 0; wild smallBoss direct rank is comparison only"
daily,daily/diagnostic,Shadow specimen,10,fire,elite,balanced,10,fire,True,10,45,9,7,9,7,9,4,458,550,20.0873,160,155,-3.125,38,102,168.4211,35,74,111.4286,60,102,70,1,4,300,"actual V132 + V158 exp; explicit three-member party, stage unspecified"
tower,tower/floor/10,Shadow specimen,10,fire,elite,balanced,36,fire,False,82,45,9,7,9,7,9,4,2061,550,-73.3139,830,155,-81.3253,238,102,-57.1429,218,74,-66.055,354,102,-71.1864,12,4,-66.6667,actual Tower builders; smallBoss outside 10-multiple floor is diagnostic only
abyss,abyss/diagnostic,Shadow specimen,10,fire,elite,balanced,20,earth,False,50,45,9,7,9,7,9,4,2317,550,-76.2624,572,155,-72.9021,150,102,-32,137.5,74,-46.1818,225,102,-54.6667,7,4,-42.8571,"actual V174 east-region 20 encounter; different level/element explicitly recorded, NOT same-level TTK comparison"
adventure,adventure/diagnostic,Shadow specimen,10,fire,elite,balanced,10,fire,True,30,45,9,7,9,7,9,4,250,550,120,140,155,10.7143,94,102,8.5106,86.5,74,-14.4509,84,102,21.4286,3,4,33.3333,actual final makeZoneMonster (Adventure direct construction contract)
wild,wild/zone/0,Shadow specimen,10,fire,smallBoss,balanced,10,fire,True,14,45,9,7,9,7,9,4,94,550,485.1064,53,155,192.4528,36,102,183.3333,33,74,124.2424,16,102,537.5,0,4,,"actual V131/V158, diagnostic zone band 0; wild smallBoss direct rank is comparison only"
daily,daily/diagnostic,Shadow specimen,10,fire,smallBoss,balanced,10,fire,True,10,45,9,7,9,7,9,4,644,550,-14.5963,160,155,-3.125,38,102,168.4211,35,74,111.4286,67,102,52.2388,1,4,300,"actual V132 + V158 exp; explicit three-member party, stage unspecified"
tower,tower/floor/10,Shadow specimen,10,fire,smallBoss,balanced,36,fire,False,82,45,9,7,9,7,9,4,14084,550,-96.0949,830,155,-81.3253,293,102,-65.1877,268,74,-72.3881,396,102,-74.2424,12,4,-66.6667,actual Tower builders; smallBoss outside 10-multiple floor is diagnostic only
abyss,abyss/diagnostic,Shadow specimen,10,fire,smallBoss,balanced,20,earth,False,50,45,9,7,9,7,9,4,5793,550,-90.5058,572,155,-72.9021,150,102,-32,137.5,74,-46.1818,252,102,-59.5238,7,4,-42.8571,"actual V174 east-region 20 encounter; different level/element explicitly recorded, NOT same-level TTK comparison"
adventure,adventure/diagnostic,Shadow specimen,10,fire,smallBoss,balanced,10,fire,True,30,45,9,7,9,7,9,4,250,550,120,140,155,10.7143,94,102,8.5106,86.5,74,-14.4509,84,102,21.4286,3,4,33.3333,actual final makeZoneMonster (Adventure direct construction contract)
wild,wild/zone/2,Shadow specimen,30,fire,regular,physical,30,fire,True,70,145,43,14,22,22,22,22,380,1200,215.7895,247,380,53.8462,196,318,62.2449,176,148.25,-15.767,163,234,43.5583,10,22,120,"actual V131/V158, diagnostic zone band 2; wild smallBoss direct rank is comparison only"
daily,daily/diagnostic,Shadow specimen,30,fire,regular,physical,30,fire,True,36,145,43,14,22,22,22,22,286,1200,319.5804,186,380,104.3011,103,318,208.7379,93,148.25,59.4086,123,234,90.2439,5,22,340,"actual V132 + V158 exp; explicit three-member party, stage unspecified"
tower,tower/floor/30,Shadow specimen,30,fire,regular,physical,50,fire,False,110,145,43,14,22,22,22,22,787,1200,52.4778,523,380,-27.3423,314,318,1.2739,287.75,148.25,-48.4796,377,234,-37.931,17,22,29.4118,actual Tower builders; smallBoss outside 10-multiple floor is diagnostic only
abyss,abyss/diagnostic,Shadow specimen,30,fire,regular,physical,20,earth,False,50,145,43,14,22,22,22,22,724,1200,65.7459,286,380,32.8671,150,318,112,137.5,148.25,7.8182,180,234,30,7,22,214.2857,"actual V174 east-region 20 encounter; different level/element explicitly recorded, NOT same-level TTK comparison"
adventure,adventure/diagnostic,Shadow specimen,30,fire,regular,physical,30,fire,True,70,145,43,14,22,22,22,22,400,1200,200,260,380,46.1538,206,318,54.3689,185.75,148.25,-20.1884,172,234,36.0465,10,22,120,actual final makeZoneMonster (Adventure direct construction contract)
wild,wild/zone/2,Shadow specimen,30,fire,elite,physical,30,fire,True,70,145,43,14,22,22,22,22,380,1200,215.7895,247,380,53.8462,196,318,62.2449,176,148.25,-15.767,163,234,43.5583,10,22,120,"actual V131/V158, diagnostic zone band 2; wild smallBoss direct rank is comparison only"
daily,daily/diagnostic,Shadow specimen,30,fire,elite,physical,30,fire,True,36,145,43,14,22,22,22,22,915,1200,31.1475,372,380,2.1505,103,318,208.7379,93,148.25,59.4086,154,234,51.9481,5,22,340,"actual V132 + V158 exp; explicit three-member party, stage unspecified"
tower,tower/floor/30,Shadow specimen,30,fire,elite,physical,50,fire,False,110,145,43,14,22,22,22,22,2518,1200,-52.3431,1046,380,-63.6711,314,318,1.2739,287.75,148.25,-48.4796,471,234,-50.3185,17,22,29.4118,actual Tower builders; smallBoss outside 10-multiple floor is diagnostic only
abyss,abyss/diagnostic,Shadow specimen,30,fire,elite,physical,20,earth,False,50,145,43,14,22,22,22,22,2317,1200,-48.2089,572,380,-33.5664,150,318,112,137.5,148.25,7.8182,225,234,4,7,22,214.2857,"actual V174 east-region 20 encounter; different level/element explicitly recorded, NOT same-level TTK comparison"
adventure,adventure/diagnostic,Shadow specimen,30,fire,elite,physical,30,fire,True,70,145,43,14,22,22,22,22,400,1200,200,260,380,46.1538,206,318,54.3689,185.75,148.25,-20.1884,172,234,36.0465,10,22,120,actual final makeZoneMonster (Adventure direct construction contract)
wild,wild/zone/2,Shadow specimen,30,fire,smallBoss,physical,30,fire,True,70,145,43,14,22,22,22,22,380,1200,215.7895,247,380,53.8462,196,318,62.2449,176,148.25,-15.767,163,234,43.5583,10,22,120,"actual V131/V158, diagnostic zone band 2; wild smallBoss direct rank is comparison only"
daily,daily/diagnostic,Shadow specimen,30,fire,smallBoss,physical,30,fire,True,36,145,43,14,22,22,22,22,1287,1200,-6.7599,372,380,2.1505,103,318,208.7379,93,148.25,59.4086,172,234,36.0465,5,22,340,"actual V132 + V158 exp; explicit three-member party, stage unspecified"
tower,tower/floor/30,Shadow specimen,30,fire,smallBoss,physical,50,fire,False,110,145,43,14,22,22,22,22,18985,1200,-93.6792,1046,380,-63.6711,405,318,-21.4815,371,148.25,-60.0404,528,234,-55.6818,17,22,29.4118,actual Tower builders; smallBoss outside 10-multiple floor is diagnostic only
abyss,abyss/diagnostic,Shadow specimen,30,fire,smallBoss,physical,20,earth,False,50,145,43,14,22,22,22,22,5793,1200,-79.2853,572,380,-33.5664,150,318,112,137.5,148.25,7.8182,252,234,-7.1429,7,22,214.2857,"actual V174 east-region 20 encounter; different level/element explicitly recorded, NOT same-level TTK comparison"
adventure,adventure/diagnostic,Shadow specimen,30,fire,smallBoss,physical,30,fire,True,70,145,43,14,22,22,22,22,400,1200,200,260,380,46.1538,206,318,54.3689,185.75,148.25,-20.1884,172,234,36.0465,10,22,120,actual final makeZoneMonster (Adventure direct construction contract)
wild,wild/zone/2,Shadow specimen,30,fire,regular,magic,30,fire,True,70,145,14,43,22,22,22,22,380,1200,215.7895,247,380,53.8462,196,202,3.0612,176,228,29.5455,163,234,43.5583,10,22,120,"actual V131/V158, diagnostic zone band 2; wild smallBoss direct rank is comparison only"
daily,daily/diagnostic,Shadow specimen,30,fire,regular,magic,30,fire,True,36,145,14,43,22,22,22,22,286,1200,319.5804,186,380,104.3011,103,202,96.1165,93,228,145.1613,123,234,90.2439,5,22,340,"actual V132 + V158 exp; explicit three-member party, stage unspecified"
tower,tower/floor/30,Shadow specimen,30,fire,regular,magic,50,fire,False,110,145,14,43,22,22,22,22,787,1200,52.4778,523,380,-27.3423,314,202,-35.6688,287.75,228,-20.7646,377,234,-37.931,17,22,29.4118,actual Tower builders; smallBoss outside 10-multiple floor is diagnostic only
abyss,abyss/diagnostic,Shadow specimen,30,fire,regular,magic,20,earth,False,50,145,14,43,22,22,22,22,724,1200,65.7459,286,380,32.8671,150,202,34.6667,137.5,228,65.8182,180,234,30,7,22,214.2857,"actual V174 east-region 20 encounter; different level/element explicitly recorded, NOT same-level TTK comparison"
adventure,adventure/diagnostic,Shadow specimen,30,fire,regular,magic,30,fire,True,70,145,14,43,22,22,22,22,400,1200,200,260,380,46.1538,206,202,-1.9417,185.75,228,22.7456,172,234,36.0465,10,22,120,actual final makeZoneMonster (Adventure direct construction contract)
wild,wild/zone/2,Shadow specimen,30,fire,elite,magic,30,fire,True,70,145,14,43,22,22,22,22,380,1200,215.7895,247,380,53.8462,196,202,3.0612,176,228,29.5455,163,234,43.5583,10,22,120,"actual V131/V158, diagnostic zone band 2; wild smallBoss direct rank is comparison only"
daily,daily/diagnostic,Shadow specimen,30,fire,elite,magic,30,fire,True,36,145,14,43,22,22,22,22,915,1200,31.1475,372,380,2.1505,103,202,96.1165,93,228,145.1613,154,234,51.9481,5,22,340,"actual V132 + V158 exp; explicit three-member party, stage unspecified"
tower,tower/floor/30,Shadow specimen,30,fire,elite,magic,50,fire,False,110,145,14,43,22,22,22,22,2518,1200,-52.3431,1046,380,-63.6711,314,202,-35.6688,287.75,228,-20.7646,471,234,-50.3185,17,22,29.4118,actual Tower builders; smallBoss outside 10-multiple floor is diagnostic only
abyss,abyss/diagnostic,Shadow specimen,30,fire,elite,magic,20,earth,False,50,145,14,43,22,22,22,22,2317,1200,-48.2089,572,380,-33.5664,150,202,34.6667,137.5,228,65.8182,225,234,4,7,22,214.2857,"actual V174 east-region 20 encounter; different level/element explicitly recorded, NOT same-level TTK comparison"
adventure,adventure/diagnostic,Shadow specimen,30,fire,elite,magic,30,fire,True,70,145,14,43,22,22,22,22,400,1200,200,260,380,46.1538,206,202,-1.9417,185.75,228,22.7456,172,234,36.0465,10,22,120,actual final makeZoneMonster (Adventure direct construction contract)
wild,wild/zone/2,Shadow specimen,30,fire,smallBoss,magic,30,fire,True,70,145,14,43,22,22,22,22,380,1200,215.7895,247,380,53.8462,196,202,3.0612,176,228,29.5455,163,234,43.5583,10,22,120,"actual V131/V158, diagnostic zone band 2; wild smallBoss direct rank is comparison only"
daily,daily/diagnostic,Shadow specimen,30,fire,smallBoss,magic,30,fire,True,36,145,14,43,22,22,22,22,1287,1200,-6.7599,372,380,2.1505,103,202,96.1165,93,228,145.1613,172,234,36.0465,5,22,340,"actual V132 + V158 exp; explicit three-member party, stage unspecified"
tower,tower/floor/30,Shadow specimen,30,fire,smallBoss,magic,50,fire,False,110,145,14,43,22,22,22,22,18985,1200,-93.6792,1046,380,-63.6711,405,202,-50.1235,371,228,-38.5445,528,234,-55.6818,17,22,29.4118,actual Tower builders; smallBoss outside 10-multiple floor is diagnostic only
abyss,abyss/diagnostic,Shadow specimen,30,fire,smallBoss,magic,20,earth,False,50,145,14,43,22,22,22,22,5793,1200,-79.2853,572,380,-33.5664,150,202,34.6667,137.5,228,65.8182,252,234,-7.1429,7,22,214.2857,"actual V174 east-region 20 encounter; different level/element explicitly recorded, NOT same-level TTK comparison"
adventure,adventure/diagnostic,Shadow specimen,30,fire,smallBoss,magic,30,fire,True,70,145,14,43,22,22,22,22,400,1200,200,260,380,46.1538,206,202,-1.9417,185.75,228,22.7456,172,234,36.0465,10,22,120,actual final makeZoneMonster (Adventure direct construction contract)
wild,wild/zone/2,Shadow specimen,30,fire,regular,tank,30,fire,True,70,145,22,7,44,15,43,14,380,2300,505.2632,247,275,11.336,196,234,19.3878,176,129,-26.7045,163,318,95.092,10,14,40,"actual V131/V158, diagnostic zone band 2; wild smallBoss direct rank is comparison only"
daily,daily/diagnostic,Shadow specimen,30,fire,regular,tank,30,fire,True,36,145,22,7,44,15,43,14,286,2300,704.1958,186,275,47.8495,103,234,127.1845,93,129,38.7097,123,318,158.5366,5,14,180,"actual V132 + V158 exp; explicit three-member party, stage unspecified"
tower,tower/floor/30,Shadow specimen,30,fire,regular,tank,50,fire,False,110,145,22,7,44,15,43,14,787,2300,192.249,523,275,-47.4187,314,234,-25.4777,287.75,129,-55.1694,377,318,-15.6499,17,14,-17.6471,actual Tower builders; smallBoss outside 10-multiple floor is diagnostic only
abyss,abyss/diagnostic,Shadow specimen,30,fire,regular,tank,20,earth,False,50,145,22,7,44,15,43,14,724,2300,217.6796,286,275,-3.8462,150,234,56,137.5,129,-6.1818,180,318,76.6667,7,14,100,"actual V174 east-region 20 encounter; different level/element explicitly recorded, NOT same-level TTK comparison"
adventure,adventure/diagnostic,Shadow specimen,30,fire,regular,tank,30,fire,True,70,145,22,7,44,15,43,14,400,2300,475,260,275,5.7692,206,234,13.5922,185.75,129,-30.5518,172,318,84.8837,10,14,40,actual final makeZoneMonster (Adventure direct construction contract)
wild,wild/zone/2,Shadow specimen,30,fire,elite,tank,30,fire,True,70,145,22,7,44,15,43,14,380,2300,505.2632,247,275,11.336,196,234,19.3878,176,129,-26.7045,163,318,95.092,10,14,40,"actual V131/V158, diagnostic zone band 2; wild smallBoss direct rank is comparison only"
daily,daily/diagnostic,Shadow specimen,30,fire,elite,tank,30,fire,True,36,145,22,7,44,15,43,14,915,2300,151.3661,372,275,-26.0753,103,234,127.1845,93,129,38.7097,154,318,106.4935,5,14,180,"actual V132 + V158 exp; explicit three-member party, stage unspecified"
tower,tower/floor/30,Shadow specimen,30,fire,elite,tank,50,fire,False,110,145,22,7,44,15,43,14,2518,2300,-8.6577,1046,275,-73.7094,314,234,-25.4777,287.75,129,-55.1694,471,318,-32.4841,17,14,-17.6471,actual Tower builders; smallBoss outside 10-multiple floor is diagnostic only
abyss,abyss/diagnostic,Shadow specimen,30,fire,elite,tank,20,earth,False,50,145,22,7,44,15,43,14,2317,2300,-0.7337,572,275,-51.9231,150,234,56,137.5,129,-6.1818,225,318,41.3333,7,14,100,"actual V174 east-region 20 encounter; different level/element explicitly recorded, NOT same-level TTK comparison"
adventure,adventure/diagnostic,Shadow specimen,30,fire,elite,tank,30,fire,True,70,145,22,7,44,15,43,14,400,2300,475,260,275,5.7692,206,234,13.5922,185.75,129,-30.5518,172,318,84.8837,10,14,40,actual final makeZoneMonster (Adventure direct construction contract)
wild,wild/zone/2,Shadow specimen,30,fire,smallBoss,tank,30,fire,True,70,145,22,7,44,15,43,14,380,2300,505.2632,247,275,11.336,196,234,19.3878,176,129,-26.7045,163,318,95.092,10,14,40,"actual V131/V158, diagnostic zone band 2; wild smallBoss direct rank is comparison only"
daily,daily/diagnostic,Shadow specimen,30,fire,smallBoss,tank,30,fire,True,36,145,22,7,44,15,43,14,1287,2300,78.7102,372,275,-26.0753,103,234,127.1845,93,129,38.7097,172,318,84.8837,5,14,180,"actual V132 + V158 exp; explicit three-member party, stage unspecified"
tower,tower/floor/30,Shadow specimen,30,fire,smallBoss,tank,50,fire,False,110,145,22,7,44,15,43,14,18985,2300,-87.8852,1046,275,-73.7094,405,234,-42.2222,371,129,-65.2291,528,318,-39.7727,17,14,-17.6471,actual Tower builders; smallBoss outside 10-multiple floor is diagnostic only
abyss,abyss/diagnostic,Shadow specimen,30,fire,smallBoss,tank,20,earth,False,50,145,22,7,44,15,43,14,5793,2300,-60.2969,572,275,-51.9231,150,234,56,137.5,129,-6.1818,252,318,26.1905,7,14,100,"actual V174 east-region 20 encounter; different level/element explicitly recorded, NOT same-level TTK comparison"
adventure,adventure/diagnostic,Shadow specimen,30,fire,smallBoss,tank,30,fire,True,70,145,22,7,44,15,43,14,400,2300,475,260,275,5.7692,206,234,13.5922,185.75,129,-30.5518,172,318,84.8837,10,14,40,actual final makeZoneMonster (Adventure direct construction contract)
wild,wild/zone/2,Shadow specimen,30,fire,regular,speedControl,30,fire,True,70,145,15,29,22,22,14,43,380,1200,215.7895,247,380,53.8462,196,206,5.102,176,189.5,7.6705,163,202,23.9264,10,43,330,"actual V131/V158, diagnostic zone band 2; wild smallBoss direct rank is comparison only"
daily,daily/diagnostic,Shadow specimen,30,fire,regular,speedControl,30,fire,True,36,145,15,29,22,22,14,43,286,1200,319.5804,186,380,104.3011,103,206,100,93,189.5,103.7634,123,202,64.2276,5,43,760,"actual V132 + V158 exp; explicit three-member party, stage unspecified"
tower,tower/floor/30,Shadow specimen,30,fire,regular,speedControl,50,fire,False,110,145,15,29,22,22,14,43,787,1200,52.4778,523,380,-27.3423,314,206,-34.3949,287.75,189.5,-34.1442,377,202,-46.4191,17,43,152.9412,actual Tower builders; smallBoss outside 10-multiple floor is diagnostic only
abyss,abyss/diagnostic,Shadow specimen,30,fire,regular,speedControl,20,earth,False,50,145,15,29,22,22,14,43,724,1200,65.7459,286,380,32.8671,150,206,37.3333,137.5,189.5,37.8182,180,202,12.2222,7,43,514.2857,"actual V174 east-region 20 encounter; different level/element explicitly recorded, NOT same-level TTK comparison"
adventure,adventure/diagnostic,Shadow specimen,30,fire,regular,speedControl,30,fire,True,70,145,15,29,22,22,14,43,400,1200,200,260,380,46.1538,206,206,0,185.75,189.5,2.0188,172,202,17.4419,10,43,330,actual final makeZoneMonster (Adventure direct construction contract)
wild,wild/zone/2,Shadow specimen,30,fire,elite,speedControl,30,fire,True,70,145,15,29,22,22,14,43,380,1200,215.7895,247,380,53.8462,196,206,5.102,176,189.5,7.6705,163,202,23.9264,10,43,330,"actual V131/V158, diagnostic zone band 2; wild smallBoss direct rank is comparison only"
daily,daily/diagnostic,Shadow specimen,30,fire,elite,speedControl,30,fire,True,36,145,15,29,22,22,14,43,915,1200,31.1475,372,380,2.1505,103,206,100,93,189.5,103.7634,154,202,31.1688,5,43,760,"actual V132 + V158 exp; explicit three-member party, stage unspecified"
tower,tower/floor/30,Shadow specimen,30,fire,elite,speedControl,50,fire,False,110,145,15,29,22,22,14,43,2518,1200,-52.3431,1046,380,-63.6711,314,206,-34.3949,287.75,189.5,-34.1442,471,202,-57.1125,17,43,152.9412,actual Tower builders; smallBoss outside 10-multiple floor is diagnostic only
abyss,abyss/diagnostic,Shadow specimen,30,fire,elite,speedControl,20,earth,False,50,145,15,29,22,22,14,43,2317,1200,-48.2089,572,380,-33.5664,150,206,37.3333,137.5,189.5,37.8182,225,202,-10.2222,7,43,514.2857,"actual V174 east-region 20 encounter; different level/element explicitly recorded, NOT same-level TTK comparison"
adventure,adventure/diagnostic,Shadow specimen,30,fire,elite,speedControl,30,fire,True,70,145,15,29,22,22,14,43,400,1200,200,260,380,46.1538,206,206,0,185.75,189.5,2.0188,172,202,17.4419,10,43,330,actual final makeZoneMonster (Adventure direct construction contract)
wild,wild/zone/2,Shadow specimen,30,fire,smallBoss,speedControl,30,fire,True,70,145,15,29,22,22,14,43,380,1200,215.7895,247,380,53.8462,196,206,5.102,176,189.5,7.6705,163,202,23.9264,10,43,330,"actual V131/V158, diagnostic zone band 2; wild smallBoss direct rank is comparison only"
daily,daily/diagnostic,Shadow specimen,30,fire,smallBoss,speedControl,30,fire,True,36,145,15,29,22,22,14,43,1287,1200,-6.7599,372,380,2.1505,103,206,100,93,189.5,103.7634,172,202,17.4419,5,43,760,"actual V132 + V158 exp; explicit three-member party, stage unspecified"
tower,tower/floor/30,Shadow specimen,30,fire,smallBoss,speedControl,50,fire,False,110,145,15,29,22,22,14,43,18985,1200,-93.6792,1046,380,-63.6711,405,206,-49.1358,371,189.5,-48.9218,528,202,-61.7424,17,43,152.9412,actual Tower builders; smallBoss outside 10-multiple floor is diagnostic only
abyss,abyss/diagnostic,Shadow specimen,30,fire,smallBoss,speedControl,20,earth,False,50,145,15,29,22,22,14,43,5793,1200,-79.2853,572,380,-33.5664,150,206,37.3333,137.5,189.5,37.8182,252,202,-19.8413,7,43,514.2857,"actual V174 east-region 20 encounter; different level/element explicitly recorded, NOT same-level TTK comparison"
adventure,adventure/diagnostic,Shadow specimen,30,fire,smallBoss,speedControl,30,fire,True,70,145,15,29,22,22,14,43,400,1200,200,260,380,46.1538,206,206,0,185.75,189.5,2.0188,172,202,17.4419,10,43,330,actual final makeZoneMonster (Adventure direct construction contract)
wild,wild/zone/2,Shadow specimen,30,fire,regular,support,30,fire,True,70,145,7,36,22,36,15,29,380,1200,215.7895,247,590,138.8664,196,174,-11.2245,176,208.75,18.608,163,206,26.3804,10,29,190,"actual V131/V158, diagnostic zone band 2; wild smallBoss direct rank is comparison only"
daily,daily/diagnostic,Shadow specimen,30,fire,regular,support,30,fire,True,36,145,7,36,22,36,15,29,286,1200,319.5804,186,590,217.2043,103,174,68.932,93,208.75,124.4624,123,206,67.4797,5,29,480,"actual V132 + V158 exp; explicit three-member party, stage unspecified"
tower,tower/floor/30,Shadow specimen,30,fire,regular,support,50,fire,False,110,145,7,36,22,36,15,29,787,1200,52.4778,523,590,12.8107,314,174,-44.586,287.75,208.75,-27.4544,377,206,-45.3581,17,29,70.5882,actual Tower builders; smallBoss outside 10-multiple floor is diagnostic only
abyss,abyss/diagnostic,Shadow specimen,30,fire,regular,support,20,earth,False,50,145,7,36,22,36,15,29,724,1200,65.7459,286,590,106.2937,150,174,16,137.5,208.75,51.8182,180,206,14.4444,7,29,314.2857,"actual V174 east-region 20 encounter; different level/element explicitly recorded, NOT same-level TTK comparison"
adventure,adventure/diagnostic,Shadow specimen,30,fire,regular,support,30,fire,True,70,145,7,36,22,36,15,29,400,1200,200,260,590,126.9231,206,174,-15.534,185.75,208.75,12.3822,172,206,19.7674,10,29,190,actual final makeZoneMonster (Adventure direct construction contract)
wild,wild/zone/2,Shadow specimen,30,fire,elite,support,30,fire,True,70,145,7,36,22,36,15,29,380,1200,215.7895,247,590,138.8664,196,174,-11.2245,176,208.75,18.608,163,206,26.3804,10,29,190,"actual V131/V158, diagnostic zone band 2; wild smallBoss direct rank is comparison only"
daily,daily/diagnostic,Shadow specimen,30,fire,elite,support,30,fire,True,36,145,7,36,22,36,15,29,915,1200,31.1475,372,590,58.6022,103,174,68.932,93,208.75,124.4624,154,206,33.7662,5,29,480,"actual V132 + V158 exp; explicit three-member party, stage unspecified"
tower,tower/floor/30,Shadow specimen,30,fire,elite,support,50,fire,False,110,145,7,36,22,36,15,29,2518,1200,-52.3431,1046,590,-43.5946,314,174,-44.586,287.75,208.75,-27.4544,471,206,-56.2633,17,29,70.5882,actual Tower builders; smallBoss outside 10-multiple floor is diagnostic only
abyss,abyss/diagnostic,Shadow specimen,30,fire,elite,support,20,earth,False,50,145,7,36,22,36,15,29,2317,1200,-48.2089,572,590,3.1469,150,174,16,137.5,208.75,51.8182,225,206,-8.4444,7,29,314.2857,"actual V174 east-region 20 encounter; different level/element explicitly recorded, NOT same-level TTK comparison"
adventure,adventure/diagnostic,Shadow specimen,30,fire,elite,support,30,fire,True,70,145,7,36,22,36,15,29,400,1200,200,260,590,126.9231,206,174,-15.534,185.75,208.75,12.3822,172,206,19.7674,10,29,190,actual final makeZoneMonster (Adventure direct construction contract)
wild,wild/zone/2,Shadow specimen,30,fire,smallBoss,support,30,fire,True,70,145,7,36,22,36,15,29,380,1200,215.7895,247,590,138.8664,196,174,-11.2245,176,208.75,18.608,163,206,26.3804,10,29,190,"actual V131/V158, diagnostic zone band 2; wild smallBoss direct rank is comparison only"
daily,daily/diagnostic,Shadow specimen,30,fire,smallBoss,support,30,fire,True,36,145,7,36,22,36,15,29,1287,1200,-6.7599,372,590,58.6022,103,174,68.932,93,208.75,124.4624,172,206,19.7674,5,29,480,"actual V132 + V158 exp; explicit three-member party, stage unspecified"
tower,tower/floor/30,Shadow specimen,30,fire,smallBoss,support,50,fire,False,110,145,7,36,22,36,15,29,18985,1200,-93.6792,1046,590,-43.5946,405,174,-57.037,371,208.75,-43.7332,528,206,-60.9848,17,29,70.5882,actual Tower builders; smallBoss outside 10-multiple floor is diagnostic only
abyss,abyss/diagnostic,Shadow specimen,30,fire,smallBoss,support,20,earth,False,50,145,7,36,22,36,15,29,5793,1200,-79.2853,572,590,3.1469,150,174,16,137.5,208.75,51.8182,252,206,-18.254,7,29,314.2857,"actual V174 east-region 20 encounter; different level/element explicitly recorded, NOT same-level TTK comparison"
adventure,adventure/diagnostic,Shadow specimen,30,fire,smallBoss,support,30,fire,True,70,145,7,36,22,36,15,29,400,1200,200,260,590,126.9231,206,174,-15.534,185.75,208.75,12.3822,172,206,19.7674,10,29,190,actual final makeZoneMonster (Adventure direct construction contract)
wild,wild/zone/2,Shadow specimen,30,fire,regular,balanced,30,fire,True,70,145,29,22,29,22,29,14,380,1550,307.8947,247,380,53.8462,196,262,33.6735,176,170.25,-3.267,163,262,60.7362,10,14,40,"actual V131/V158, diagnostic zone band 2; wild smallBoss direct rank is comparison only"
daily,daily/diagnostic,Shadow specimen,30,fire,regular,balanced,30,fire,True,36,145,29,22,29,22,29,14,286,1550,441.958,186,380,104.3011,103,262,154.3689,93,170.25,83.0645,123,262,113.0081,5,14,180,"actual V132 + V158 exp; explicit three-member party, stage unspecified"
tower,tower/floor/30,Shadow specimen,30,fire,regular,balanced,50,fire,False,110,145,29,22,29,22,29,14,787,1550,96.9504,523,380,-27.3423,314,262,-16.5605,287.75,170.25,-40.8341,377,262,-30.504,17,14,-17.6471,actual Tower builders; smallBoss outside 10-multiple floor is diagnostic only
abyss,abyss/diagnostic,Shadow specimen,30,fire,regular,balanced,20,earth,False,50,145,29,22,29,22,29,14,724,1550,114.0884,286,380,32.8671,150,262,74.6667,137.5,170.25,23.8182,180,262,45.5556,7,14,100,"actual V174 east-region 20 encounter; different level/element explicitly recorded, NOT same-level TTK comparison"
adventure,adventure/diagnostic,Shadow specimen,30,fire,regular,balanced,30,fire,True,70,145,29,22,29,22,29,14,400,1550,287.5,260,380,46.1538,206,262,27.1845,185.75,170.25,-8.3445,172,262,52.3256,10,14,40,actual final makeZoneMonster (Adventure direct construction contract)
wild,wild/zone/2,Shadow specimen,30,fire,elite,balanced,30,fire,True,70,145,29,22,29,22,29,14,380,1550,307.8947,247,380,53.8462,196,262,33.6735,176,170.25,-3.267,163,262,60.7362,10,14,40,"actual V131/V158, diagnostic zone band 2; wild smallBoss direct rank is comparison only"
daily,daily/diagnostic,Shadow specimen,30,fire,elite,balanced,30,fire,True,36,145,29,22,29,22,29,14,915,1550,69.3989,372,380,2.1505,103,262,154.3689,93,170.25,83.0645,154,262,70.1299,5,14,180,"actual V132 + V158 exp; explicit three-member party, stage unspecified"
tower,tower/floor/30,Shadow specimen,30,fire,elite,balanced,50,fire,False,110,145,29,22,29,22,29,14,2518,1550,-38.4432,1046,380,-63.6711,314,262,-16.5605,287.75,170.25,-40.8341,471,262,-44.3737,17,14,-17.6471,actual Tower builders; smallBoss outside 10-multiple floor is diagnostic only
abyss,abyss/diagnostic,Shadow specimen,30,fire,elite,balanced,20,earth,False,50,145,29,22,29,22,29,14,2317,1550,-33.1032,572,380,-33.5664,150,262,74.6667,137.5,170.25,23.8182,225,262,16.4444,7,14,100,"actual V174 east-region 20 encounter; different level/element explicitly recorded, NOT same-level TTK comparison"
adventure,adventure/diagnostic,Shadow specimen,30,fire,elite,balanced,30,fire,True,70,145,29,22,29,22,29,14,400,1550,287.5,260,380,46.1538,206,262,27.1845,185.75,170.25,-8.3445,172,262,52.3256,10,14,40,actual final makeZoneMonster (Adventure direct construction contract)
wild,wild/zone/2,Shadow specimen,30,fire,smallBoss,balanced,30,fire,True,70,145,29,22,29,22,29,14,380,1550,307.8947,247,380,53.8462,196,262,33.6735,176,170.25,-3.267,163,262,60.7362,10,14,40,"actual V131/V158, diagnostic zone band 2; wild smallBoss direct rank is comparison only"
daily,daily/diagnostic,Shadow specimen,30,fire,smallBoss,balanced,30,fire,True,36,145,29,22,29,22,29,14,1287,1550,20.4351,372,380,2.1505,103,262,154.3689,93,170.25,83.0645,172,262,52.3256,5,14,180,"actual V132 + V158 exp; explicit three-member party, stage unspecified"
tower,tower/floor/30,Shadow specimen,30,fire,smallBoss,balanced,50,fire,False,110,145,29,22,29,22,29,14,18985,1550,-91.8357,1046,380,-63.6711,405,262,-35.3086,371,170.25,-54.1105,528,262,-50.3788,17,14,-17.6471,actual Tower builders; smallBoss outside 10-multiple floor is diagnostic only
abyss,abyss/diagnostic,Shadow specimen,30,fire,smallBoss,balanced,20,earth,False,50,145,29,22,29,22,29,14,5793,1550,-73.2436,572,380,-33.5664,150,262,74.6667,137.5,170.25,23.8182,252,262,3.9683,7,14,100,"actual V174 east-region 20 encounter; different level/element explicitly recorded, NOT same-level TTK comparison"
adventure,adventure/diagnostic,Shadow specimen,30,fire,smallBoss,balanced,30,fire,True,70,145,29,22,29,22,29,14,400,1550,287.5,260,380,46.1538,206,262,27.1845,185.75,170.25,-8.3445,172,262,52.3256,10,14,40,actual final makeZoneMonster (Adventure direct construction contract)
wild,wild/zone/4,Shadow specimen,50,fire,regular,physical,50,fire,True,110,245,73,24,37,37,37,37,578,1950,237.3702,383,605,57.9634,330,518,56.9697,302,230.75,-23.5927,277,374,35.0181,17,37,117.6471,"actual V131/V158, diagnostic zone band 4; wild smallBoss direct rank is comparison only"
daily,daily/diagnostic,Shadow specimen,50,fire,regular,physical,50,fire,True,58,245,73,24,37,37,37,37,394,1950,394.9239,262,605,130.916,157,518,229.9363,144,230.75,60.2431,189,374,97.8836,9,37,311.1111,"actual V132 + V158 exp; explicit three-member party, stage unspecified"
tower,tower/floor/50,Shadow specimen,50,fire,regular,physical,65,fire,False,140,245,73,24,37,37,37,37,1001,1950,94.8052,651,605,-7.0661,398,518,30.1508,361.5,230.75,-36.1687,471,374,-20.5945,22,37,68.1818,actual Tower builders; smallBoss outside 10-multiple floor is diagnostic only
abyss,abyss/diagnostic,Shadow specimen,50,fire,regular,physical,40,earth,False,90,245,73,24,37,37,37,37,1207,1950,61.5576,437,605,38.4439,262,518,97.7099,236.75,230.75,-2.5343,311,374,20.2572,13,37,184.6154,"actual V174 east-region 40 encounter; different level/element explicitly recorded, NOT same-level TTK comparison"
adventure,adventure/diagnostic,Shadow specimen,50,fire,regular,physical,50,fire,True,110,245,73,24,37,37,37,37,550,1950,254.5455,365,605,65.7534,314,518,64.9682,287.75,230.75,-19.8089,264,374,41.6667,17,37,117.6471,actual final makeZoneMonster (Adventure direct construction contract)
wild,wild/zone/4,Shadow specimen,50,fire,elite,physical,50,fire,True,110,245,73,24,37,37,37,37,578,1950,237.3702,383,605,57.9634,330,518,56.9697,302,230.75,-23.5927,277,374,35.0181,17,37,117.6471,"actual V131/V158, diagnostic zone band 4; wild smallBoss direct rank is comparison only"
daily,daily/diagnostic,Shadow specimen,50,fire,elite,physical,50,fire,True,58,245,73,24,37,37,37,37,1259,1950,54.8848,523,605,15.6788,157,518,229.9363,144,230.75,60.2431,236,374,58.4746,9,37,311.1111,"actual V132 + V158 exp; explicit three-member party, stage unspecified"
tower,tower/floor/50,Shadow specimen,50,fire,elite,physical,65,fire,False,140,245,73,24,37,37,37,37,3203,1950,-39.1196,1302,605,-53.533,398,518,30.1508,361.5,230.75,-36.1687,589,374,-36.5025,22,37,68.1818,actual Tower builders; smallBoss outside 10-multiple floor is diagnostic only
abyss,abyss/diagnostic,Shadow specimen,50,fire,elite,physical,40,earth,False,90,245,73,24,37,37,37,37,3861,1950,-49.4949,874,605,-30.778,262,518,97.7099,236.75,230.75,-2.5343,389,374,-3.856,13,37,184.6154,"actual V174 east-region 40 encounter; different level/element explicitly recorded, NOT same-level TTK comparison"
adventure,adventure/diagnostic,Shadow specimen,50,fire,elite,physical,50,fire,True,110,245,73,24,37,37,37,37,550,1950,254.5455,365,605,65.7534,314,518,64.9682,287.75,230.75,-19.8089,264,374,41.6667,17,37,117.6471,actual final makeZoneMonster (Adventure direct construction contract)
wild,wild/zone/4,Shadow specimen,50,fire,smallBoss,physical,50,fire,True,110,245,73,24,37,37,37,37,578,1950,237.3702,383,605,57.9634,330,518,56.9697,302,230.75,-23.5927,277,374,35.0181,17,37,117.6471,"actual V131/V158, diagnostic zone band 4; wild smallBoss direct rank is comparison only"
daily,daily/diagnostic,Shadow specimen,50,fire,smallBoss,physical,50,fire,True,58,245,73,24,37,37,37,37,1771,1950,10.1073,523,605,15.6788,157,518,229.9363,144,230.75,60.2431,264,374,41.6667,9,37,311.1111,"actual V132 + V158 exp; explicit three-member party, stage unspecified"
tower,tower/floor/50,Shadow specimen,50,fire,smallBoss,physical,65,fire,False,140,245,73,24,37,37,37,37,29958,1950,-93.4909,1302,605,-53.533,541,518,-4.2514,492,230.75,-53.0996,659,374,-43.2473,22,37,68.1818,actual Tower builders; smallBoss outside 10-multiple floor is diagnostic only
abyss,abyss/diagnostic,Shadow specimen,50,fire,smallBoss,physical,40,earth,False,90,245,73,24,37,37,37,37,9654,1950,-79.8011,874,605,-30.778,262,518,97.7099,236.75,230.75,-2.5343,435,374,-14.023,13,37,184.6154,"actual V174 east-region 40 encounter; different level/element explicitly recorded, NOT same-level TTK comparison"
adventure,adventure/diagnostic,Shadow specimen,50,fire,smallBoss,physical,50,fire,True,110,245,73,24,37,37,37,37,550,1950,254.5455,365,605,65.7534,314,518,64.9682,287.75,230.75,-19.8089,264,374,41.6667,17,37,117.6471,actual final makeZoneMonster (Adventure direct construction contract)
wild,wild/zone/4,Shadow specimen,50,fire,regular,magic,50,fire,True,110,245,24,73,37,37,37,37,578,1950,237.3702,383,605,57.9634,330,322,-2.4242,302,365.5,21.0265,277,374,35.0181,17,37,117.6471,"actual V131/V158, diagnostic zone band 4; wild smallBoss direct rank is comparison only"
daily,daily/diagnostic,Shadow specimen,50,fire,regular,magic,50,fire,True,58,245,24,73,37,37,37,37,394,1950,394.9239,262,605,130.916,157,322,105.0955,144,365.5,153.8194,189,374,97.8836,9,37,311.1111,"actual V132 + V158 exp; explicit three-member party, stage unspecified"
tower,tower/floor/50,Shadow specimen,50,fire,regular,magic,65,fire,False,140,245,24,73,37,37,37,37,1001,1950,94.8052,651,605,-7.0661,398,322,-19.0955,361.5,365.5,1.1065,471,374,-20.5945,22,37,68.1818,actual Tower builders; smallBoss outside 10-multiple floor is diagnostic only
abyss,abyss/diagnostic,Shadow specimen,50,fire,regular,magic,40,earth,False,90,245,24,73,37,37,37,37,1207,1950,61.5576,437,605,38.4439,262,322,22.9008,236.75,365.5,54.3823,311,374,20.2572,13,37,184.6154,"actual V174 east-region 40 encounter; different level/element explicitly recorded, NOT same-level TTK comparison"
adventure,adventure/diagnostic,Shadow specimen,50,fire,regular,magic,50,fire,True,110,245,24,73,37,37,37,37,550,1950,254.5455,365,605,65.7534,314,322,2.5478,287.75,365.5,27.02,264,374,41.6667,17,37,117.6471,actual final makeZoneMonster (Adventure direct construction contract)
wild,wild/zone/4,Shadow specimen,50,fire,elite,magic,50,fire,True,110,245,24,73,37,37,37,37,578,1950,237.3702,383,605,57.9634,330,322,-2.4242,302,365.5,21.0265,277,374,35.0181,17,37,117.6471,"actual V131/V158, diagnostic zone band 4; wild smallBoss direct rank is comparison only"
daily,daily/diagnostic,Shadow specimen,50,fire,elite,magic,50,fire,True,58,245,24,73,37,37,37,37,1259,1950,54.8848,523,605,15.6788,157,322,105.0955,144,365.5,153.8194,236,374,58.4746,9,37,311.1111,"actual V132 + V158 exp; explicit three-member party, stage unspecified"
tower,tower/floor/50,Shadow specimen,50,fire,elite,magic,65,fire,False,140,245,24,73,37,37,37,37,3203,1950,-39.1196,1302,605,-53.533,398,322,-19.0955,361.5,365.5,1.1065,589,374,-36.5025,22,37,68.1818,actual Tower builders; smallBoss outside 10-multiple floor is diagnostic only
abyss,abyss/diagnostic,Shadow specimen,50,fire,elite,magic,40,earth,False,90,245,24,73,37,37,37,37,3861,1950,-49.4949,874,605,-30.778,262,322,22.9008,236.75,365.5,54.3823,389,374,-3.856,13,37,184.6154,"actual V174 east-region 40 encounter; different level/element explicitly recorded, NOT same-level TTK comparison"
adventure,adventure/diagnostic,Shadow specimen,50,fire,elite,magic,50,fire,True,110,245,24,73,37,37,37,37,550,1950,254.5455,365,605,65.7534,314,322,2.5478,287.75,365.5,27.02,264,374,41.6667,17,37,117.6471,actual final makeZoneMonster (Adventure direct construction contract)
wild,wild/zone/4,Shadow specimen,50,fire,smallBoss,magic,50,fire,True,110,245,24,73,37,37,37,37,578,1950,237.3702,383,605,57.9634,330,322,-2.4242,302,365.5,21.0265,277,374,35.0181,17,37,117.6471,"actual V131/V158, diagnostic zone band 4; wild smallBoss direct rank is comparison only"
daily,daily/diagnostic,Shadow specimen,50,fire,smallBoss,magic,50,fire,True,58,245,24,73,37,37,37,37,1771,1950,10.1073,523,605,15.6788,157,322,105.0955,144,365.5,153.8194,264,374,41.6667,9,37,311.1111,"actual V132 + V158 exp; explicit three-member party, stage unspecified"
tower,tower/floor/50,Shadow specimen,50,fire,smallBoss,magic,65,fire,False,140,245,24,73,37,37,37,37,29958,1950,-93.4909,1302,605,-53.533,541,322,-40.4806,492,365.5,-25.7114,659,374,-43.2473,22,37,68.1818,actual Tower builders; smallBoss outside 10-multiple floor is diagnostic only
abyss,abyss/diagnostic,Shadow specimen,50,fire,smallBoss,magic,40,earth,False,90,245,24,73,37,37,37,37,9654,1950,-79.8011,874,605,-30.778,262,322,22.9008,236.75,365.5,54.3823,435,374,-14.023,13,37,184.6154,"actual V174 east-region 40 encounter; different level/element explicitly recorded, NOT same-level TTK comparison"
adventure,adventure/diagnostic,Shadow specimen,50,fire,smallBoss,magic,50,fire,True,110,245,24,73,37,37,37,37,550,1950,254.5455,365,605,65.7534,314,322,2.5478,287.75,365.5,27.02,264,374,41.6667,17,37,117.6471,actual final makeZoneMonster (Adventure direct construction contract)
wild,wild/zone/4,Shadow specimen,50,fire,regular,tank,50,fire,True,110,245,37,12,74,25,73,24,578,3800,557.4394,383,425,10.9661,330,374,13.3333,302,197.75,-34.5199,277,518,87.0036,17,24,41.1765,"actual V131/V158, diagnostic zone band 4; wild smallBoss direct rank is comparison only"
daily,daily/diagnostic,Shadow specimen,50,fire,regular,tank,50,fire,True,58,245,37,12,74,25,73,24,394,3800,864.467,262,425,62.2137,157,374,138.2166,144,197.75,37.3264,189,518,174.0741,9,24,166.6667,"actual V132 + V158 exp; explicit three-member party, stage unspecified"
tower,tower/floor/50,Shadow specimen,50,fire,regular,tank,65,fire,False,140,245,37,12,74,25,73,24,1001,3800,279.6204,651,425,-34.7158,398,374,-6.0302,361.5,197.75,-45.2974,471,518,9.9788,22,24,9.0909,actual Tower builders; smallBoss outside 10-multiple floor is diagnostic only
abyss,abyss/diagnostic,Shadow specimen,50,fire,regular,tank,40,earth,False,90,245,37,12,74,25,73,24,1207,3800,214.8302,437,425,-2.746,262,374,42.7481,236.75,197.75,-16.4731,311,518,66.5595,13,24,84.6154,"actual V174 east-region 40 encounter; different level/element explicitly recorded, NOT same-level TTK comparison"
adventure,adventure/diagnostic,Shadow specimen,50,fire,regular,tank,50,fire,True,110,245,37,12,74,25,73,24,550,3800,590.9091,365,425,16.4384,314,374,19.1083,287.75,197.75,-31.2772,264,518,96.2121,17,24,41.1765,actual final makeZoneMonster (Adventure direct construction contract)
wild,wild/zone/4,Shadow specimen,50,fire,elite,tank,50,fire,True,110,245,37,12,74,25,73,24,578,3800,557.4394,383,425,10.9661,330,374,13.3333,302,197.75,-34.5199,277,518,87.0036,17,24,41.1765,"actual V131/V158, diagnostic zone band 4; wild smallBoss direct rank is comparison only"
daily,daily/diagnostic,Shadow specimen,50,fire,elite,tank,50,fire,True,58,245,37,12,74,25,73,24,1259,3800,201.8268,523,425,-18.738,157,374,138.2166,144,197.75,37.3264,236,518,119.4915,9,24,166.6667,"actual V132 + V158 exp; explicit three-member party, stage unspecified"
tower,tower/floor/50,Shadow specimen,50,fire,elite,tank,65,fire,False,140,245,37,12,74,25,73,24,3203,3800,18.6388,1302,425,-67.3579,398,374,-6.0302,361.5,197.75,-45.2974,589,518,-12.0543,22,24,9.0909,actual Tower builders; smallBoss outside 10-multiple floor is diagnostic only
abyss,abyss/diagnostic,Shadow specimen,50,fire,elite,tank,40,earth,False,90,245,37,12,74,25,73,24,3861,3800,-1.5799,874,425,-51.373,262,374,42.7481,236.75,197.75,-16.4731,389,518,33.162,13,24,84.6154,"actual V174 east-region 40 encounter; different level/element explicitly recorded, NOT same-level TTK comparison"
adventure,adventure/diagnostic,Shadow specimen,50,fire,elite,tank,50,fire,True,110,245,37,12,74,25,73,24,550,3800,590.9091,365,425,16.4384,314,374,19.1083,287.75,197.75,-31.2772,264,518,96.2121,17,24,41.1765,actual final makeZoneMonster (Adventure direct construction contract)
wild,wild/zone/4,Shadow specimen,50,fire,smallBoss,tank,50,fire,True,110,245,37,12,74,25,73,24,578,3800,557.4394,383,425,10.9661,330,374,13.3333,302,197.75,-34.5199,277,518,87.0036,17,24,41.1765,"actual V131/V158, diagnostic zone band 4; wild smallBoss direct rank is comparison only"
daily,daily/diagnostic,Shadow specimen,50,fire,smallBoss,tank,50,fire,True,58,245,37,12,74,25,73,24,1771,3800,114.568,523,425,-18.738,157,374,138.2166,144,197.75,37.3264,264,518,96.2121,9,24,166.6667,"actual V132 + V158 exp; explicit three-member party, stage unspecified"
tower,tower/floor/50,Shadow specimen,50,fire,smallBoss,tank,65,fire,False,140,245,37,12,74,25,73,24,29958,3800,-87.3156,1302,425,-67.3579,541,374,-30.8688,492,197.75,-59.8069,659,518,-21.3961,22,24,9.0909,actual Tower builders; smallBoss outside 10-multiple floor is diagnostic only
abyss,abyss/diagnostic,Shadow specimen,50,fire,smallBoss,tank,40,earth,False,90,245,37,12,74,25,73,24,9654,3800,-60.6381,874,425,-51.373,262,374,42.7481,236.75,197.75,-16.4731,435,518,19.0805,13,24,84.6154,"actual V174 east-region 40 encounter; different level/element explicitly recorded, NOT same-level TTK comparison"
adventure,adventure/diagnostic,Shadow specimen,50,fire,smallBoss,tank,50,fire,True,110,245,37,12,74,25,73,24,550,3800,590.9091,365,425,16.4384,314,374,19.1083,287.75,197.75,-31.2772,264,518,96.2121,17,24,41.1765,actual final makeZoneMonster (Adventure direct construction contract)
wild,wild/zone/4,Shadow specimen,50,fire,regular,speedControl,50,fire,True,110,245,25,49,37,37,24,73,578,1950,237.3702,383,605,57.9634,330,326,-1.2121,302,299.5,-0.8278,277,322,16.2455,17,73,329.4118,"actual V131/V158, diagnostic zone band 4; wild smallBoss direct rank is comparison only"
daily,daily/diagnostic,Shadow specimen,50,fire,regular,speedControl,50,fire,True,58,245,25,49,37,37,24,73,394,1950,394.9239,262,605,130.916,157,326,107.6433,144,299.5,107.9861,189,322,70.3704,9,73,711.1111,"actual V132 + V158 exp; explicit three-member party, stage unspecified"
tower,tower/floor/50,Shadow specimen,50,fire,regular,speedControl,65,fire,False,140,245,25,49,37,37,24,73,1001,1950,94.8052,651,605,-7.0661,398,326,-18.0905,361.5,299.5,-17.1508,471,322,-31.6348,22,73,231.8182,actual Tower builders; smallBoss outside 10-multiple floor is diagnostic only
abyss,abyss/diagnostic,Shadow specimen,50,fire,regular,speedControl,40,earth,False,90,245,25,49,37,37,24,73,1207,1950,61.5576,437,605,38.4439,262,326,24.4275,236.75,299.5,26.5048,311,322,3.537,13,73,461.5385,"actual V174 east-region 40 encounter; different level/element explicitly recorded, NOT same-level TTK comparison"
adventure,adventure/diagnostic,Shadow specimen,50,fire,regular,speedControl,50,fire,True,110,245,25,49,37,37,24,73,550,1950,254.5455,365,605,65.7534,314,326,3.8217,287.75,299.5,4.0834,264,322,21.9697,17,73,329.4118,actual final makeZoneMonster (Adventure direct construction contract)
wild,wild/zone/4,Shadow specimen,50,fire,elite,speedControl,50,fire,True,110,245,25,49,37,37,24,73,578,1950,237.3702,383,605,57.9634,330,326,-1.2121,302,299.5,-0.8278,277,322,16.2455,17,73,329.4118,"actual V131/V158, diagnostic zone band 4; wild smallBoss direct rank is comparison only"
daily,daily/diagnostic,Shadow specimen,50,fire,elite,speedControl,50,fire,True,58,245,25,49,37,37,24,73,1259,1950,54.8848,523,605,15.6788,157,326,107.6433,144,299.5,107.9861,236,322,36.4407,9,73,711.1111,"actual V132 + V158 exp; explicit three-member party, stage unspecified"
tower,tower/floor/50,Shadow specimen,50,fire,elite,speedControl,65,fire,False,140,245,25,49,37,37,24,73,3203,1950,-39.1196,1302,605,-53.533,398,326,-18.0905,361.5,299.5,-17.1508,589,322,-45.3311,22,73,231.8182,actual Tower builders; smallBoss outside 10-multiple floor is diagnostic only
abyss,abyss/diagnostic,Shadow specimen,50,fire,elite,speedControl,40,earth,False,90,245,25,49,37,37,24,73,3861,1950,-49.4949,874,605,-30.778,262,326,24.4275,236.75,299.5,26.5048,389,322,-17.2237,13,73,461.5385,"actual V174 east-region 40 encounter; different level/element explicitly recorded, NOT same-level TTK comparison"
adventure,adventure/diagnostic,Shadow specimen,50,fire,elite,speedControl,50,fire,True,110,245,25,49,37,37,24,73,550,1950,254.5455,365,605,65.7534,314,326,3.8217,287.75,299.5,4.0834,264,322,21.9697,17,73,329.4118,actual final makeZoneMonster (Adventure direct construction contract)
wild,wild/zone/4,Shadow specimen,50,fire,smallBoss,speedControl,50,fire,True,110,245,25,49,37,37,24,73,578,1950,237.3702,383,605,57.9634,330,326,-1.2121,302,299.5,-0.8278,277,322,16.2455,17,73,329.4118,"actual V131/V158, diagnostic zone band 4; wild smallBoss direct rank is comparison only"
daily,daily/diagnostic,Shadow specimen,50,fire,smallBoss,speedControl,50,fire,True,58,245,25,49,37,37,24,73,1771,1950,10.1073,523,605,15.6788,157,326,107.6433,144,299.5,107.9861,264,322,21.9697,9,73,711.1111,"actual V132 + V158 exp; explicit three-member party, stage unspecified"
tower,tower/floor/50,Shadow specimen,50,fire,smallBoss,speedControl,65,fire,False,140,245,25,49,37,37,24,73,29958,1950,-93.4909,1302,605,-53.533,541,326,-39.7412,492,299.5,-39.126,659,322,-51.1381,22,73,231.8182,actual Tower builders; smallBoss outside 10-multiple floor is diagnostic only
abyss,abyss/diagnostic,Shadow specimen,50,fire,smallBoss,speedControl,40,earth,False,90,245,25,49,37,37,24,73,9654,1950,-79.8011,874,605,-30.778,262,326,24.4275,236.75,299.5,26.5048,435,322,-25.977,13,73,461.5385,"actual V174 east-region 40 encounter; different level/element explicitly recorded, NOT same-level TTK comparison"
adventure,adventure/diagnostic,Shadow specimen,50,fire,smallBoss,speedControl,50,fire,True,110,245,25,49,37,37,24,73,550,1950,254.5455,365,605,65.7534,314,326,3.8217,287.75,299.5,4.0834,264,322,21.9697,17,73,329.4118,actual final makeZoneMonster (Adventure direct construction contract)
wild,wild/zone/4,Shadow specimen,50,fire,regular,support,50,fire,True,110,245,12,61,37,61,25,49,578,1950,237.3702,383,965,151.9582,330,274,-16.9697,302,332.5,10.0993,277,326,17.6895,17,49,188.2353,"actual V131/V158, diagnostic zone band 4; wild smallBoss direct rank is comparison only"
daily,daily/diagnostic,Shadow specimen,50,fire,regular,support,50,fire,True,58,245,12,61,37,61,25,49,394,1950,394.9239,262,965,268.3206,157,274,74.5223,144,332.5,130.9028,189,326,72.4868,9,49,444.4444,"actual V132 + V158 exp; explicit three-member party, stage unspecified"
tower,tower/floor/50,Shadow specimen,50,fire,regular,support,65,fire,False,140,245,12,61,37,61,25,49,1001,1950,94.8052,651,965,48.2335,398,274,-31.1558,361.5,332.5,-8.0221,471,326,-30.7856,22,49,122.7273,actual Tower builders; smallBoss outside 10-multiple floor is diagnostic only
abyss,abyss/diagnostic,Shadow specimen,50,fire,regular,support,40,earth,False,90,245,12,61,37,61,25,49,1207,1950,61.5576,437,965,120.8238,262,274,4.5802,236.75,332.5,40.4435,311,326,4.8232,13,49,276.9231,"actual V174 east-region 40 encounter; different level/element explicitly recorded, NOT same-level TTK comparison"
adventure,adventure/diagnostic,Shadow specimen,50,fire,regular,support,50,fire,True,110,245,12,61,37,61,25,49,550,1950,254.5455,365,965,164.3836,314,274,-12.7389,287.75,332.5,15.5517,264,326,23.4848,17,49,188.2353,actual final makeZoneMonster (Adventure direct construction contract)
wild,wild/zone/4,Shadow specimen,50,fire,elite,support,50,fire,True,110,245,12,61,37,61,25,49,578,1950,237.3702,383,965,151.9582,330,274,-16.9697,302,332.5,10.0993,277,326,17.6895,17,49,188.2353,"actual V131/V158, diagnostic zone band 4; wild smallBoss direct rank is comparison only"
daily,daily/diagnostic,Shadow specimen,50,fire,elite,support,50,fire,True,58,245,12,61,37,61,25,49,1259,1950,54.8848,523,965,84.5124,157,274,74.5223,144,332.5,130.9028,236,326,38.1356,9,49,444.4444,"actual V132 + V158 exp; explicit three-member party, stage unspecified"
tower,tower/floor/50,Shadow specimen,50,fire,elite,support,65,fire,False,140,245,12,61,37,61,25,49,3203,1950,-39.1196,1302,965,-25.8833,398,274,-31.1558,361.5,332.5,-8.0221,589,326,-44.652,22,49,122.7273,actual Tower builders; smallBoss outside 10-multiple floor is diagnostic only
abyss,abyss/diagnostic,Shadow specimen,50,fire,elite,support,40,earth,False,90,245,12,61,37,61,25,49,3861,1950,-49.4949,874,965,10.4119,262,274,4.5802,236.75,332.5,40.4435,389,326,-16.1954,13,49,276.9231,"actual V174 east-region 40 encounter; different level/element explicitly recorded, NOT same-level TTK comparison"
adventure,adventure/diagnostic,Shadow specimen,50,fire,elite,support,50,fire,True,110,245,12,61,37,61,25,49,550,1950,254.5455,365,965,164.3836,314,274,-12.7389,287.75,332.5,15.5517,264,326,23.4848,17,49,188.2353,actual final makeZoneMonster (Adventure direct construction contract)
wild,wild/zone/4,Shadow specimen,50,fire,smallBoss,support,50,fire,True,110,245,12,61,37,61,25,49,578,1950,237.3702,383,965,151.9582,330,274,-16.9697,302,332.5,10.0993,277,326,17.6895,17,49,188.2353,"actual V131/V158, diagnostic zone band 4; wild smallBoss direct rank is comparison only"
daily,daily/diagnostic,Shadow specimen,50,fire,smallBoss,support,50,fire,True,58,245,12,61,37,61,25,49,1771,1950,10.1073,523,965,84.5124,157,274,74.5223,144,332.5,130.9028,264,326,23.4848,9,49,444.4444,"actual V132 + V158 exp; explicit three-member party, stage unspecified"
tower,tower/floor/50,Shadow specimen,50,fire,smallBoss,support,65,fire,False,140,245,12,61,37,61,25,49,29958,1950,-93.4909,1302,965,-25.8833,541,274,-49.353,492,332.5,-32.4187,659,326,-50.5311,22,49,122.7273,actual Tower builders; smallBoss outside 10-multiple floor is diagnostic only
abyss,abyss/diagnostic,Shadow specimen,50,fire,smallBoss,support,40,earth,False,90,245,12,61,37,61,25,49,9654,1950,-79.8011,874,965,10.4119,262,274,4.5802,236.75,332.5,40.4435,435,326,-25.0575,13,49,276.9231,"actual V174 east-region 40 encounter; different level/element explicitly recorded, NOT same-level TTK comparison"
adventure,adventure/diagnostic,Shadow specimen,50,fire,smallBoss,support,50,fire,True,110,245,12,61,37,61,25,49,550,1950,254.5455,365,965,164.3836,314,274,-12.7389,287.75,332.5,15.5517,264,326,23.4848,17,49,188.2353,actual final makeZoneMonster (Adventure direct construction contract)
wild,wild/zone/4,Shadow specimen,50,fire,regular,balanced,50,fire,True,110,245,49,37,49,37,49,24,578,2550,341.1765,383,605,57.9634,330,422,27.8788,302,266.5,-11.755,277,422,52.3466,17,24,41.1765,"actual V131/V158, diagnostic zone band 4; wild smallBoss direct rank is comparison only"
daily,daily/diagnostic,Shadow specimen,50,fire,regular,balanced,50,fire,True,58,245,49,37,49,37,49,24,394,2550,547.2081,262,605,130.916,157,422,168.7898,144,266.5,85.0694,189,422,123.2804,9,24,166.6667,"actual V132 + V158 exp; explicit three-member party, stage unspecified"
tower,tower/floor/50,Shadow specimen,50,fire,regular,balanced,65,fire,False,140,245,49,37,49,37,49,24,1001,2550,154.7453,651,605,-7.0661,398,422,6.0302,361.5,266.5,-26.2794,471,422,-10.4034,22,24,9.0909,actual Tower builders; smallBoss outside 10-multiple floor is diagnostic only
abyss,abyss/diagnostic,Shadow specimen,50,fire,regular,balanced,40,earth,False,90,245,49,37,49,37,49,24,1207,2550,111.2676,437,605,38.4439,262,422,61.0687,236.75,266.5,12.566,311,422,35.6913,13,24,84.6154,"actual V174 east-region 40 encounter; different level/element explicitly recorded, NOT same-level TTK comparison"
adventure,adventure/diagnostic,Shadow specimen,50,fire,regular,balanced,50,fire,True,110,245,49,37,49,37,49,24,550,2550,363.6364,365,605,65.7534,314,422,34.3949,287.75,266.5,-7.3849,264,422,59.8485,17,24,41.1765,actual final makeZoneMonster (Adventure direct construction contract)
wild,wild/zone/4,Shadow specimen,50,fire,elite,balanced,50,fire,True,110,245,49,37,49,37,49,24,578,2550,341.1765,383,605,57.9634,330,422,27.8788,302,266.5,-11.755,277,422,52.3466,17,24,41.1765,"actual V131/V158, diagnostic zone band 4; wild smallBoss direct rank is comparison only"
daily,daily/diagnostic,Shadow specimen,50,fire,elite,balanced,50,fire,True,58,245,49,37,49,37,49,24,1259,2550,102.5417,523,605,15.6788,157,422,168.7898,144,266.5,85.0694,236,422,78.8136,9,24,166.6667,"actual V132 + V158 exp; explicit three-member party, stage unspecified"
tower,tower/floor/50,Shadow specimen,50,fire,elite,balanced,65,fire,False,140,245,49,37,49,37,49,24,3203,2550,-20.3871,1302,605,-53.533,398,422,6.0302,361.5,266.5,-26.2794,589,422,-28.3531,22,24,9.0909,actual Tower builders; smallBoss outside 10-multiple floor is diagnostic only
abyss,abyss/diagnostic,Shadow specimen,50,fire,elite,balanced,40,earth,False,90,245,49,37,49,37,49,24,3861,2550,-33.9549,874,605,-30.778,262,422,61.0687,236.75,266.5,12.566,389,422,8.4833,13,24,84.6154,"actual V174 east-region 40 encounter; different level/element explicitly recorded, NOT same-level TTK comparison"
adventure,adventure/diagnostic,Shadow specimen,50,fire,elite,balanced,50,fire,True,110,245,49,37,49,37,49,24,550,2550,363.6364,365,605,65.7534,314,422,34.3949,287.75,266.5,-7.3849,264,422,59.8485,17,24,41.1765,actual final makeZoneMonster (Adventure direct construction contract)
wild,wild/zone/4,Shadow specimen,50,fire,smallBoss,balanced,50,fire,True,110,245,49,37,49,37,49,24,578,2550,341.1765,383,605,57.9634,330,422,27.8788,302,266.5,-11.755,277,422,52.3466,17,24,41.1765,"actual V131/V158, diagnostic zone band 4; wild smallBoss direct rank is comparison only"
daily,daily/diagnostic,Shadow specimen,50,fire,smallBoss,balanced,50,fire,True,58,245,49,37,49,37,49,24,1771,2550,43.9864,523,605,15.6788,157,422,168.7898,144,266.5,85.0694,264,422,59.8485,9,24,166.6667,"actual V132 + V158 exp; explicit three-member party, stage unspecified"
tower,tower/floor/50,Shadow specimen,50,fire,smallBoss,balanced,65,fire,False,140,245,49,37,49,37,49,24,29958,2550,-91.4881,1302,605,-53.533,541,422,-21.9963,492,266.5,-45.8333,659,422,-35.9636,22,24,9.0909,actual Tower builders; smallBoss outside 10-multiple floor is diagnostic only
abyss,abyss/diagnostic,Shadow specimen,50,fire,smallBoss,balanced,40,earth,False,90,245,49,37,49,37,49,24,9654,2550,-73.5861,874,605,-30.778,262,422,61.0687,236.75,266.5,12.566,435,422,-2.9885,13,24,84.6154,"actual V174 east-region 40 encounter; different level/element explicitly recorded, NOT same-level TTK comparison"
adventure,adventure/diagnostic,Shadow specimen,50,fire,smallBoss,balanced,50,fire,True,110,245,49,37,49,37,49,24,550,2550,363.6364,365,605,65.7534,314,422,34.3949,287.75,266.5,-7.3849,264,422,59.8485,17,24,41.1765,actual final makeZoneMonster (Adventure direct construction contract)
wild,wild/zone/6,Shadow specimen,70,fire,regular,physical,70,fire,True,150,345,103,34,52,52,52,52,862,2700,213.2251,558,830,48.7455,490,718,46.5306,445,313.25,-29.6067,405,514,26.9136,23,52,126.087,"actual V131/V158, diagnostic zone band 6; wild smallBoss direct rank is comparison only"
daily,daily/diagnostic,Shadow specimen,70,fire,regular,physical,70,fire,True,79,345,103,34,52,52,52,52,563,2700,379.5737,364,830,128.022,224,718,220.5357,203,313.25,54.3103,265,514,93.9623,12,52,333.3333,"actual V132 + V158 exp; explicit three-member party, stage unspecified"
tower,tower/floor/70,Shadow specimen,70,fire,regular,physical,79,fire,False,168,345,103,34,52,52,52,52,1144,2700,136.014,758,830,9.4987,474,718,51.4768,434,313.25,-27.8226,565,514,-9.0265,26,52,100,actual Tower builders; smallBoss outside 10-multiple floor is diagnostic only
abyss,abyss/diagnostic,Shadow specimen,70,fire,regular,physical,40,earth,False,90,345,103,34,52,52,52,52,1207,2700,123.6951,437,830,89.9314,262,718,174.0458,236.75,313.25,32.3126,311,514,65.2733,13,52,300,"actual V174 east-region 40 encounter; different level/element explicitly recorded, NOT same-level TTK comparison"
adventure,adventure/diagnostic,Shadow specimen,70,fire,regular,physical,70,fire,True,150,345,103,34,52,52,52,52,750,2700,260,485,830,71.134,426,718,68.5446,387,313.25,-19.0568,352,514,46.0227,23,52,126.087,actual final makeZoneMonster (Adventure direct construction contract)
wild,wild/zone/6,Shadow specimen,70,fire,elite,physical,70,fire,True,150,345,103,34,52,52,52,52,862,2700,213.2251,558,830,48.7455,490,718,46.5306,445,313.25,-29.6067,405,514,26.9136,23,52,126.087,"actual V131/V158, diagnostic zone band 6; wild smallBoss direct rank is comparison only"
daily,daily/diagnostic,Shadow specimen,70,fire,elite,physical,70,fire,True,79,345,103,34,52,52,52,52,1803,2700,49.7504,729,830,13.8546,224,718,220.5357,203,313.25,54.3103,331,514,55.287,12,52,333.3333,"actual V132 + V158 exp; explicit three-member party, stage unspecified"
tower,tower/floor/70,Shadow specimen,70,fire,elite,physical,79,fire,False,168,345,103,34,52,52,52,52,3661,2700,-26.2497,1516,830,-45.2507,474,718,51.4768,434,313.25,-27.8226,706,514,-27.1955,26,52,100,actual Tower builders; smallBoss outside 10-multiple floor is diagnostic only
abyss,abyss/diagnostic,Shadow specimen,70,fire,elite,physical,40,earth,False,90,345,103,34,52,52,52,52,3861,2700,-30.0699,874,830,-5.0343,262,718,174.0458,236.75,313.25,32.3126,389,514,32.1337,13,52,300,"actual V174 east-region 40 encounter; different level/element explicitly recorded, NOT same-level TTK comparison"
adventure,adventure/diagnostic,Shadow specimen,70,fire,elite,physical,70,fire,True,150,345,103,34,52,52,52,52,750,2700,260,485,830,71.134,426,718,68.5446,387,313.25,-19.0568,352,514,46.0227,23,52,126.087,actual final makeZoneMonster (Adventure direct construction contract)
wild,wild/zone/6,Shadow specimen,70,fire,smallBoss,physical,70,fire,True,150,345,103,34,52,52,52,52,862,2700,213.2251,558,830,48.7455,490,718,46.5306,445,313.25,-29.6067,405,514,26.9136,23,52,126.087,"actual V131/V158, diagnostic zone band 6; wild smallBoss direct rank is comparison only"
daily,daily/diagnostic,Shadow specimen,70,fire,smallBoss,physical,70,fire,True,79,345,103,34,52,52,52,52,2535,2700,6.5089,729,830,13.8546,224,718,220.5357,203,313.25,54.3103,371,514,38.5445,12,52,333.3333,"actual V132 + V158 exp; explicit three-member party, stage unspecified"
tower,tower/floor/70,Shadow specimen,70,fire,smallBoss,physical,79,fire,False,168,345,103,34,52,52,52,52,37169,2700,-92.7359,1516,830,-45.2507,673,718,6.6865,616,313.25,-49.1477,791,514,-35.019,26,52,100,actual Tower builders; smallBoss outside 10-multiple floor is diagnostic only
abyss,abyss/diagnostic,Shadow specimen,70,fire,smallBoss,physical,40,earth,False,90,345,103,34,52,52,52,52,9654,2700,-72.0323,874,830,-5.0343,262,718,174.0458,236.75,313.25,32.3126,435,514,18.1609,13,52,300,"actual V174 east-region 40 encounter; different level/element explicitly recorded, NOT same-level TTK comparison"
adventure,adventure/diagnostic,Shadow specimen,70,fire,smallBoss,physical,70,fire,True,150,345,103,34,52,52,52,52,750,2700,260,485,830,71.134,426,718,68.5446,387,313.25,-19.0568,352,514,46.0227,23,52,126.087,actual final makeZoneMonster (Adventure direct construction contract)
wild,wild/zone/6,Shadow specimen,70,fire,regular,magic,70,fire,True,150,345,34,103,52,52,52,52,862,2700,213.2251,558,830,48.7455,490,442,-9.7959,445,503,13.0337,405,514,26.9136,23,52,126.087,"actual V131/V158, diagnostic zone band 6; wild smallBoss direct rank is comparison only"
daily,daily/diagnostic,Shadow specimen,70,fire,regular,magic,70,fire,True,79,345,34,103,52,52,52,52,563,2700,379.5737,364,830,128.022,224,442,97.3214,203,503,147.7833,265,514,93.9623,12,52,333.3333,"actual V132 + V158 exp; explicit three-member party, stage unspecified"
tower,tower/floor/70,Shadow specimen,70,fire,regular,magic,79,fire,False,168,345,34,103,52,52,52,52,1144,2700,136.014,758,830,9.4987,474,442,-6.7511,434,503,15.8986,565,514,-9.0265,26,52,100,actual Tower builders; smallBoss outside 10-multiple floor is diagnostic only
abyss,abyss/diagnostic,Shadow specimen,70,fire,regular,magic,40,earth,False,90,345,34,103,52,52,52,52,1207,2700,123.6951,437,830,89.9314,262,442,68.7023,236.75,503,112.4604,311,514,65.2733,13,52,300,"actual V174 east-region 40 encounter; different level/element explicitly recorded, NOT same-level TTK comparison"
adventure,adventure/diagnostic,Shadow specimen,70,fire,regular,magic,70,fire,True,150,345,34,103,52,52,52,52,750,2700,260,485,830,71.134,426,442,3.7559,387,503,29.9742,352,514,46.0227,23,52,126.087,actual final makeZoneMonster (Adventure direct construction contract)
wild,wild/zone/6,Shadow specimen,70,fire,elite,magic,70,fire,True,150,345,34,103,52,52,52,52,862,2700,213.2251,558,830,48.7455,490,442,-9.7959,445,503,13.0337,405,514,26.9136,23,52,126.087,"actual V131/V158, diagnostic zone band 6; wild smallBoss direct rank is comparison only"
daily,daily/diagnostic,Shadow specimen,70,fire,elite,magic,70,fire,True,79,345,34,103,52,52,52,52,1803,2700,49.7504,729,830,13.8546,224,442,97.3214,203,503,147.7833,331,514,55.287,12,52,333.3333,"actual V132 + V158 exp; explicit three-member party, stage unspecified"
tower,tower/floor/70,Shadow specimen,70,fire,elite,magic,79,fire,False,168,345,34,103,52,52,52,52,3661,2700,-26.2497,1516,830,-45.2507,474,442,-6.7511,434,503,15.8986,706,514,-27.1955,26,52,100,actual Tower builders; smallBoss outside 10-multiple floor is diagnostic only
abyss,abyss/diagnostic,Shadow specimen,70,fire,elite,magic,40,earth,False,90,345,34,103,52,52,52,52,3861,2700,-30.0699,874,830,-5.0343,262,442,68.7023,236.75,503,112.4604,389,514,32.1337,13,52,300,"actual V174 east-region 40 encounter; different level/element explicitly recorded, NOT same-level TTK comparison"
adventure,adventure/diagnostic,Shadow specimen,70,fire,elite,magic,70,fire,True,150,345,34,103,52,52,52,52,750,2700,260,485,830,71.134,426,442,3.7559,387,503,29.9742,352,514,46.0227,23,52,126.087,actual final makeZoneMonster (Adventure direct construction contract)
wild,wild/zone/6,Shadow specimen,70,fire,smallBoss,magic,70,fire,True,150,345,34,103,52,52,52,52,862,2700,213.2251,558,830,48.7455,490,442,-9.7959,445,503,13.0337,405,514,26.9136,23,52,126.087,"actual V131/V158, diagnostic zone band 6; wild smallBoss direct rank is comparison only"
daily,daily/diagnostic,Shadow specimen,70,fire,smallBoss,magic,70,fire,True,79,345,34,103,52,52,52,52,2535,2700,6.5089,729,830,13.8546,224,442,97.3214,203,503,147.7833,371,514,38.5445,12,52,333.3333,"actual V132 + V158 exp; explicit three-member party, stage unspecified"
tower,tower/floor/70,Shadow specimen,70,fire,smallBoss,magic,79,fire,False,168,345,34,103,52,52,52,52,37169,2700,-92.7359,1516,830,-45.2507,673,442,-34.3239,616,503,-18.3442,791,514,-35.019,26,52,100,actual Tower builders; smallBoss outside 10-multiple floor is diagnostic only
abyss,abyss/diagnostic,Shadow specimen,70,fire,smallBoss,magic,40,earth,False,90,345,34,103,52,52,52,52,9654,2700,-72.0323,874,830,-5.0343,262,442,68.7023,236.75,503,112.4604,435,514,18.1609,13,52,300,"actual V174 east-region 40 encounter; different level/element explicitly recorded, NOT same-level TTK comparison"
adventure,adventure/diagnostic,Shadow specimen,70,fire,smallBoss,magic,70,fire,True,150,345,34,103,52,52,52,52,750,2700,260,485,830,71.134,426,442,3.7559,387,503,29.9742,352,514,46.0227,23,52,126.087,actual final makeZoneMonster (Adventure direct construction contract)
wild,wild/zone/6,Shadow specimen,70,fire,regular,tank,70,fire,True,150,345,52,17,104,35,103,34,862,5300,514.8492,558,575,3.0466,490,514,4.898,445,266.5,-40.1124,405,718,77.284,23,34,47.8261,"actual V131/V158, diagnostic zone band 6; wild smallBoss direct rank is comparison only"
daily,daily/diagnostic,Shadow specimen,70,fire,regular,tank,70,fire,True,79,345,52,17,104,35,103,34,563,5300,841.3854,364,575,57.967,224,514,129.4643,203,266.5,31.2808,265,718,170.9434,12,34,183.3333,"actual V132 + V158 exp; explicit three-member party, stage unspecified"
tower,tower/floor/70,Shadow specimen,70,fire,regular,tank,79,fire,False,168,345,52,17,104,35,103,34,1144,5300,363.2867,758,575,-24.1425,474,514,8.4388,434,266.5,-38.5945,565,718,27.0796,26,34,30.7692,actual Tower builders; smallBoss outside 10-multiple floor is diagnostic only
abyss,abyss/diagnostic,Shadow specimen,70,fire,regular,tank,40,earth,False,90,345,52,17,104,35,103,34,1207,5300,339.1052,437,575,31.5789,262,514,96.1832,236.75,266.5,12.566,311,718,130.8682,13,34,161.5385,"actual V174 east-region 40 encounter; different level/element explicitly recorded, NOT same-level TTK comparison"
adventure,adventure/diagnostic,Shadow specimen,70,fire,regular,tank,70,fire,True,150,345,52,17,104,35,103,34,750,5300,606.6667,485,575,18.5567,426,514,20.6573,387,266.5,-31.137,352,718,103.9773,23,34,47.8261,actual final makeZoneMonster (Adventure direct construction contract)
wild,wild/zone/6,Shadow specimen,70,fire,elite,tank,70,fire,True,150,345,52,17,104,35,103,34,862,5300,514.8492,558,575,3.0466,490,514,4.898,445,266.5,-40.1124,405,718,77.284,23,34,47.8261,"actual V131/V158, diagnostic zone band 6; wild smallBoss direct rank is comparison only"
daily,daily/diagnostic,Shadow specimen,70,fire,elite,tank,70,fire,True,79,345,52,17,104,35,103,34,1803,5300,193.9545,729,575,-21.1248,224,514,129.4643,203,266.5,31.2808,331,718,116.9184,12,34,183.3333,"actual V132 + V158 exp; explicit three-member party, stage unspecified"
tower,tower/floor/70,Shadow specimen,70,fire,elite,tank,79,fire,False,168,345,52,17,104,35,103,34,3661,5300,44.7692,1516,575,-62.0712,474,514,8.4388,434,266.5,-38.5945,706,718,1.6997,26,34,30.7692,actual Tower builders; smallBoss outside 10-multiple floor is diagnostic only
abyss,abyss/diagnostic,Shadow specimen,70,fire,elite,tank,40,earth,False,90,345,52,17,104,35,103,34,3861,5300,37.2701,874,575,-34.2105,262,514,96.1832,236.75,266.5,12.566,389,718,84.5758,13,34,161.5385,"actual V174 east-region 40 encounter; different level/element explicitly recorded, NOT same-level TTK comparison"
adventure,adventure/diagnostic,Shadow specimen,70,fire,elite,tank,70,fire,True,150,345,52,17,104,35,103,34,750,5300,606.6667,485,575,18.5567,426,514,20.6573,387,266.5,-31.137,352,718,103.9773,23,34,47.8261,actual final makeZoneMonster (Adventure direct construction contract)
wild,wild/zone/6,Shadow specimen,70,fire,smallBoss,tank,70,fire,True,150,345,52,17,104,35,103,34,862,5300,514.8492,558,575,3.0466,490,514,4.898,445,266.5,-40.1124,405,718,77.284,23,34,47.8261,"actual V131/V158, diagnostic zone band 6; wild smallBoss direct rank is comparison only"
daily,daily/diagnostic,Shadow specimen,70,fire,smallBoss,tank,70,fire,True,79,345,52,17,104,35,103,34,2535,5300,109.073,729,575,-21.1248,224,514,129.4643,203,266.5,31.2808,371,718,93.531,12,34,183.3333,"actual V132 + V158 exp; explicit three-member party, stage unspecified"
tower,tower/floor/70,Shadow specimen,70,fire,smallBoss,tank,79,fire,False,168,345,52,17,104,35,103,34,37169,5300,-85.7408,1516,575,-62.0712,673,514,-23.6256,616,266.5,-56.737,791,718,-9.2288,26,34,30.7692,actual Tower builders; smallBoss outside 10-multiple floor is diagnostic only
abyss,abyss/diagnostic,Shadow specimen,70,fire,smallBoss,tank,40,earth,False,90,345,52,17,104,35,103,34,9654,5300,-45.1005,874,575,-34.2105,262,514,96.1832,236.75,266.5,12.566,435,718,65.0575,13,34,161.5385,"actual V174 east-region 40 encounter; different level/element explicitly recorded, NOT same-level TTK comparison"
adventure,adventure/diagnostic,Shadow specimen,70,fire,smallBoss,tank,70,fire,True,150,345,52,17,104,35,103,34,750,5300,606.6667,485,575,18.5567,426,514,20.6573,387,266.5,-31.137,352,718,103.9773,23,34,47.8261,actual final makeZoneMonster (Adventure direct construction contract)
wild,wild/zone/6,Shadow specimen,70,fire,regular,speedControl,70,fire,True,150,345,35,69,52,52,34,103,862,2700,213.2251,558,830,48.7455,490,446,-8.9796,445,409.5,-7.9775,405,442,9.1358,23,103,347.8261,"actual V131/V158, diagnostic zone band 6; wild smallBoss direct rank is comparison only"
daily,daily/diagnostic,Shadow specimen,70,fire,regular,speedControl,70,fire,True,79,345,35,69,52,52,34,103,563,2700,379.5737,364,830,128.022,224,446,99.1071,203,409.5,101.7241,265,442,66.7925,12,103,758.3333,"actual V132 + V158 exp; explicit three-member party, stage unspecified"
tower,tower/floor/70,Shadow specimen,70,fire,regular,speedControl,79,fire,False,168,345,35,69,52,52,34,103,1144,2700,136.014,758,830,9.4987,474,446,-5.9072,434,409.5,-5.6452,565,442,-21.7699,26,103,296.1538,actual Tower builders; smallBoss outside 10-multiple floor is diagnostic only
abyss,abyss/diagnostic,Shadow specimen,70,fire,regular,speedControl,40,earth,False,90,345,35,69,52,52,34,103,1207,2700,123.6951,437,830,89.9314,262,446,70.229,236.75,409.5,72.9673,311,442,42.1222,13,103,692.3077,"actual V174 east-region 40 encounter; different level/element explicitly recorded, NOT same-level TTK comparison"
adventure,adventure/diagnostic,Shadow specimen,70,fire,regular,speedControl,70,fire,True,150,345,35,69,52,52,34,103,750,2700,260,485,830,71.134,426,446,4.6948,387,409.5,5.814,352,442,25.5682,23,103,347.8261,actual final makeZoneMonster (Adventure direct construction contract)
wild,wild/zone/6,Shadow specimen,70,fire,elite,speedControl,70,fire,True,150,345,35,69,52,52,34,103,862,2700,213.2251,558,830,48.7455,490,446,-8.9796,445,409.5,-7.9775,405,442,9.1358,23,103,347.8261,"actual V131/V158, diagnostic zone band 6; wild smallBoss direct rank is comparison only"
daily,daily/diagnostic,Shadow specimen,70,fire,elite,speedControl,70,fire,True,79,345,35,69,52,52,34,103,1803,2700,49.7504,729,830,13.8546,224,446,99.1071,203,409.5,101.7241,331,442,33.5347,12,103,758.3333,"actual V132 + V158 exp; explicit three-member party, stage unspecified"
tower,tower/floor/70,Shadow specimen,70,fire,elite,speedControl,79,fire,False,168,345,35,69,52,52,34,103,3661,2700,-26.2497,1516,830,-45.2507,474,446,-5.9072,434,409.5,-5.6452,706,442,-37.3938,26,103,296.1538,actual Tower builders; smallBoss outside 10-multiple floor is diagnostic only
abyss,abyss/diagnostic,Shadow specimen,70,fire,elite,speedControl,40,earth,False,90,345,35,69,52,52,34,103,3861,2700,-30.0699,874,830,-5.0343,262,446,70.229,236.75,409.5,72.9673,389,442,13.6247,13,103,692.3077,"actual V174 east-region 40 encounter; different level/element explicitly recorded, NOT same-level TTK comparison"
adventure,adventure/diagnostic,Shadow specimen,70,fire,elite,speedControl,70,fire,True,150,345,35,69,52,52,34,103,750,2700,260,485,830,71.134,426,446,4.6948,387,409.5,5.814,352,442,25.5682,23,103,347.8261,actual final makeZoneMonster (Adventure direct construction contract)
wild,wild/zone/6,Shadow specimen,70,fire,smallBoss,speedControl,70,fire,True,150,345,35,69,52,52,34,103,862,2700,213.2251,558,830,48.7455,490,446,-8.9796,445,409.5,-7.9775,405,442,9.1358,23,103,347.8261,"actual V131/V158, diagnostic zone band 6; wild smallBoss direct rank is comparison only"
daily,daily/diagnostic,Shadow specimen,70,fire,smallBoss,speedControl,70,fire,True,79,345,35,69,52,52,34,103,2535,2700,6.5089,729,830,13.8546,224,446,99.1071,203,409.5,101.7241,371,442,19.1375,12,103,758.3333,"actual V132 + V158 exp; explicit three-member party, stage unspecified"
tower,tower/floor/70,Shadow specimen,70,fire,smallBoss,speedControl,79,fire,False,168,345,35,69,52,52,34,103,37169,2700,-92.7359,1516,830,-45.2507,673,446,-33.7296,616,409.5,-33.5227,791,442,-44.1214,26,103,296.1538,actual Tower builders; smallBoss outside 10-multiple floor is diagnostic only
abyss,abyss/diagnostic,Shadow specimen,70,fire,smallBoss,speedControl,40,earth,False,90,345,35,69,52,52,34,103,9654,2700,-72.0323,874,830,-5.0343,262,446,70.229,236.75,409.5,72.9673,435,442,1.6092,13,103,692.3077,"actual V174 east-region 40 encounter; different level/element explicitly recorded, NOT same-level TTK comparison"
adventure,adventure/diagnostic,Shadow specimen,70,fire,smallBoss,speedControl,70,fire,True,150,345,35,69,52,52,34,103,750,2700,260,485,830,71.134,426,446,4.6948,387,409.5,5.814,352,442,25.5682,23,103,347.8261,actual final makeZoneMonster (Adventure direct construction contract)
wild,wild/zone/6,Shadow specimen,70,fire,regular,support,70,fire,True,150,345,17,86,52,86,35,69,862,2700,213.2251,558,1340,140.1434,490,374,-23.6735,445,456.25,2.5281,405,446,10.1235,23,69,200,"actual V131/V158, diagnostic zone band 6; wild smallBoss direct rank is comparison only"
daily,daily/diagnostic,Shadow specimen,70,fire,regular,support,70,fire,True,79,345,17,86,52,86,35,69,563,2700,379.5737,364,1340,268.1319,224,374,66.9643,203,456.25,124.7537,265,446,68.3019,12,69,475,"actual V132 + V158 exp; explicit three-member party, stage unspecified"
tower,tower/floor/70,Shadow specimen,70,fire,regular,support,79,fire,False,168,345,17,86,52,86,35,69,1144,2700,136.014,758,1340,76.781,474,374,-21.097,434,456.25,5.1267,565,446,-21.0619,26,69,165.3846,actual Tower builders; smallBoss outside 10-multiple floor is diagnostic only
abyss,abyss/diagnostic,Shadow specimen,70,fire,regular,support,40,earth,False,90,345,17,86,52,86,35,69,1207,2700,123.6951,437,1340,206.6362,262,374,42.7481,236.75,456.25,92.7138,311,446,43.4084,13,69,430.7692,"actual V174 east-region 40 encounter; different level/element explicitly recorded, NOT same-level TTK comparison"
adventure,adventure/diagnostic,Shadow specimen,70,fire,regular,support,70,fire,True,150,345,17,86,52,86,35,69,750,2700,260,485,1340,176.2887,426,374,-12.2066,387,456.25,17.8941,352,446,26.7045,23,69,200,actual final makeZoneMonster (Adventure direct construction contract)
wild,wild/zone/6,Shadow specimen,70,fire,elite,support,70,fire,True,150,345,17,86,52,86,35,69,862,2700,213.2251,558,1340,140.1434,490,374,-23.6735,445,456.25,2.5281,405,446,10.1235,23,69,200,"actual V131/V158, diagnostic zone band 6; wild smallBoss direct rank is comparison only"
daily,daily/diagnostic,Shadow specimen,70,fire,elite,support,70,fire,True,79,345,17,86,52,86,35,69,1803,2700,49.7504,729,1340,83.8134,224,374,66.9643,203,456.25,124.7537,331,446,34.7432,12,69,475,"actual V132 + V158 exp; explicit three-member party, stage unspecified"
tower,tower/floor/70,Shadow specimen,70,fire,elite,support,79,fire,False,168,345,17,86,52,86,35,69,3661,2700,-26.2497,1516,1340,-11.6095,474,374,-21.097,434,456.25,5.1267,706,446,-36.8272,26,69,165.3846,actual Tower builders; smallBoss outside 10-multiple floor is diagnostic only
abyss,abyss/diagnostic,Shadow specimen,70,fire,elite,support,40,earth,False,90,345,17,86,52,86,35,69,3861,2700,-30.0699,874,1340,53.3181,262,374,42.7481,236.75,456.25,92.7138,389,446,14.653,13,69,430.7692,"actual V174 east-region 40 encounter; different level/element explicitly recorded, NOT same-level TTK comparison"
adventure,adventure/diagnostic,Shadow specimen,70,fire,elite,support,70,fire,True,150,345,17,86,52,86,35,69,750,2700,260,485,1340,176.2887,426,374,-12.2066,387,456.25,17.8941,352,446,26.7045,23,69,200,actual final makeZoneMonster (Adventure direct construction contract)
wild,wild/zone/6,Shadow specimen,70,fire,smallBoss,support,70,fire,True,150,345,17,86,52,86,35,69,862,2700,213.2251,558,1340,140.1434,490,374,-23.6735,445,456.25,2.5281,405,446,10.1235,23,69,200,"actual V131/V158, diagnostic zone band 6; wild smallBoss direct rank is comparison only"
daily,daily/diagnostic,Shadow specimen,70,fire,smallBoss,support,70,fire,True,79,345,17,86,52,86,35,69,2535,2700,6.5089,729,1340,83.8134,224,374,66.9643,203,456.25,124.7537,371,446,20.2156,12,69,475,"actual V132 + V158 exp; explicit three-member party, stage unspecified"
tower,tower/floor/70,Shadow specimen,70,fire,smallBoss,support,79,fire,False,168,345,17,86,52,86,35,69,37169,2700,-92.7359,1516,1340,-11.6095,673,374,-44.4279,616,456.25,-25.9334,791,446,-43.6157,26,69,165.3846,actual Tower builders; smallBoss outside 10-multiple floor is diagnostic only
abyss,abyss/diagnostic,Shadow specimen,70,fire,smallBoss,support,40,earth,False,90,345,17,86,52,86,35,69,9654,2700,-72.0323,874,1340,53.3181,262,374,42.7481,236.75,456.25,92.7138,435,446,2.5287,13,69,430.7692,"actual V174 east-region 40 encounter; different level/element explicitly recorded, NOT same-level TTK comparison"
adventure,adventure/diagnostic,Shadow specimen,70,fire,smallBoss,support,70,fire,True,150,345,17,86,52,86,35,69,750,2700,260,485,1340,176.2887,426,374,-12.2066,387,456.25,17.8941,352,446,26.7045,23,69,200,actual final makeZoneMonster (Adventure direct construction contract)
wild,wild/zone/6,Shadow specimen,70,fire,regular,balanced,70,fire,True,150,345,69,52,69,52,69,34,862,3550,311.8329,558,830,48.7455,490,582,18.7755,445,362.75,-18.4831,405,582,43.7037,23,34,47.8261,"actual V131/V158, diagnostic zone band 6; wild smallBoss direct rank is comparison only"
daily,daily/diagnostic,Shadow specimen,70,fire,regular,balanced,70,fire,True,79,345,69,52,69,52,69,34,563,3550,530.5506,364,830,128.022,224,582,159.8214,203,362.75,78.6946,265,582,119.6226,12,34,183.3333,"actual V132 + V158 exp; explicit three-member party, stage unspecified"
tower,tower/floor/70,Shadow specimen,70,fire,regular,balanced,79,fire,False,168,345,69,52,69,52,69,34,1144,3550,210.3147,758,830,9.4987,474,582,22.7848,434,362.75,-16.4171,565,582,3.0088,26,34,30.7692,actual Tower builders; smallBoss outside 10-multiple floor is diagnostic only
abyss,abyss/diagnostic,Shadow specimen,70,fire,regular,balanced,40,earth,False,90,345,69,52,69,52,69,34,1207,3550,194.1176,437,830,89.9314,262,582,122.1374,236.75,362.75,53.2207,311,582,87.1383,13,34,161.5385,"actual V174 east-region 40 encounter; different level/element explicitly recorded, NOT same-level TTK comparison"
adventure,adventure/diagnostic,Shadow specimen,70,fire,regular,balanced,70,fire,True,150,345,69,52,69,52,69,34,750,3550,373.3333,485,830,71.134,426,582,36.6197,387,362.75,-6.2661,352,582,65.3409,23,34,47.8261,actual final makeZoneMonster (Adventure direct construction contract)
wild,wild/zone/6,Shadow specimen,70,fire,elite,balanced,70,fire,True,150,345,69,52,69,52,69,34,862,3550,311.8329,558,830,48.7455,490,582,18.7755,445,362.75,-18.4831,405,582,43.7037,23,34,47.8261,"actual V131/V158, diagnostic zone band 6; wild smallBoss direct rank is comparison only"
daily,daily/diagnostic,Shadow specimen,70,fire,elite,balanced,70,fire,True,79,345,69,52,69,52,69,34,1803,3550,96.8941,729,830,13.8546,224,582,159.8214,203,362.75,78.6946,331,582,75.8308,12,34,183.3333,"actual V132 + V158 exp; explicit three-member party, stage unspecified"
tower,tower/floor/70,Shadow specimen,70,fire,elite,balanced,79,fire,False,168,345,69,52,69,52,69,34,3661,3550,-3.032,1516,830,-45.2507,474,582,22.7848,434,362.75,-16.4171,706,582,-17.5637,26,34,30.7692,actual Tower builders; smallBoss outside 10-multiple floor is diagnostic only
abyss,abyss/diagnostic,Shadow specimen,70,fire,elite,balanced,40,earth,False,90,345,69,52,69,52,69,34,3861,3550,-8.0549,874,830,-5.0343,262,582,122.1374,236.75,362.75,53.2207,389,582,49.6144,13,34,161.5385,"actual V174 east-region 40 encounter; different level/element explicitly recorded, NOT same-level TTK comparison"
adventure,adventure/diagnostic,Shadow specimen,70,fire,elite,balanced,70,fire,True,150,345,69,52,69,52,69,34,750,3550,373.3333,485,830,71.134,426,582,36.6197,387,362.75,-6.2661,352,582,65.3409,23,34,47.8261,actual final makeZoneMonster (Adventure direct construction contract)
wild,wild/zone/6,Shadow specimen,70,fire,smallBoss,balanced,70,fire,True,150,345,69,52,69,52,69,34,862,3550,311.8329,558,830,48.7455,490,582,18.7755,445,362.75,-18.4831,405,582,43.7037,23,34,47.8261,"actual V131/V158, diagnostic zone band 6; wild smallBoss direct rank is comparison only"
daily,daily/diagnostic,Shadow specimen,70,fire,smallBoss,balanced,70,fire,True,79,345,69,52,69,52,69,34,2535,3550,40.0394,729,830,13.8546,224,582,159.8214,203,362.75,78.6946,371,582,56.8733,12,34,183.3333,"actual V132 + V158 exp; explicit three-member party, stage unspecified"
tower,tower/floor/70,Shadow specimen,70,fire,smallBoss,balanced,79,fire,False,168,345,69,52,69,52,69,34,37169,3550,-90.449,1516,830,-45.2507,673,582,-13.5215,616,362.75,-41.112,791,582,-26.4223,26,34,30.7692,actual Tower builders; smallBoss outside 10-multiple floor is diagnostic only
abyss,abyss/diagnostic,Shadow specimen,70,fire,smallBoss,balanced,40,earth,False,90,345,69,52,69,52,69,34,9654,3550,-63.2277,874,830,-5.0343,262,582,122.1374,236.75,362.75,53.2207,435,582,33.7931,13,34,161.5385,"actual V174 east-region 40 encounter; different level/element explicitly recorded, NOT same-level TTK comparison"
adventure,adventure/diagnostic,Shadow specimen,70,fire,smallBoss,balanced,70,fire,True,150,345,69,52,69,52,69,34,750,3550,373.3333,485,830,71.134,426,582,36.6197,387,362.75,-6.2661,352,582,65.3409,23,34,47.8261,actual final makeZoneMonster (Adventure direct construction contract)
wild,wild/zone/9,Shadow specimen,100,fire,regular,physical,100,fire,True,210,495,149,50,74,74,74,74,1300,3800,192.3077,845,1160,37.2781,767,1022,33.2464,702,439.75,-37.3575,632,722,14.2405,33,74,124.2424,"actual V131/V158, diagnostic zone band 9; wild smallBoss direct rank is comparison only"
daily,daily/diagnostic,Shadow specimen,100,fire,regular,physical,100,fire,True,109,495,149,50,74,74,74,74,751,3800,405.992,488,1160,137.7049,310,1022,229.6774,284,439.75,54.8415,365,722,97.8082,17,74,335.2941,"actual V132 + V158 exp; explicit three-member party, stage unspecified"
tower,tower/floor/100,Shadow specimen,100,fire,regular,physical,100,fire,True,210,495,149,50,74,74,74,74,1430,3800,165.7343,930,1160,24.7312,590,1022,73.2203,540,439.75,-18.5648,695,722,3.8849,33,74,124.2424,actual Tower builders; smallBoss outside 10-multiple floor is diagnostic only
abyss,abyss/diagnostic,Shadow specimen,100,fire,regular,physical,40,earth,False,90,495,149,50,74,74,74,74,1207,3800,214.8302,437,1160,165.4462,262,1022,290.0763,236.75,439.75,85.7445,311,722,132.1543,13,74,469.2308,"actual V174 east-region 40 encounter; different level/element explicitly recorded, NOT same-level TTK comparison"
adventure,adventure/diagnostic,Shadow specimen,100,fire,regular,physical,100,fire,True,210,495,149,50,74,74,74,74,1000,3800,280,650,1160,78.4615,590,1022,73.2203,540,439.75,-18.5648,486,722,48.5597,33,74,124.2424,actual final makeZoneMonster (Adventure direct construction contract)
wild,wild/zone/9,Shadow specimen,100,fire,elite,physical,100,fire,True,210,495,149,50,74,74,74,74,1300,3800,192.3077,845,1160,37.2781,767,1022,33.2464,702,439.75,-37.3575,632,722,14.2405,33,74,124.2424,"actual V131/V158, diagnostic zone band 9; wild smallBoss direct rank is comparison only"
daily,daily/diagnostic,Shadow specimen,100,fire,elite,physical,100,fire,True,109,495,149,50,74,74,74,74,2402,3800,58.2015,977,1160,18.7308,310,1022,229.6774,284,439.75,54.8415,456,722,58.3333,17,74,335.2941,"actual V132 + V158 exp; explicit three-member party, stage unspecified"
tower,tower/floor/100,Shadow specimen,100,fire,elite,physical,100,fire,True,210,495,149,50,74,74,74,74,4576,3800,-16.958,1860,1160,-37.6344,590,1022,73.2203,540,439.75,-18.5648,869,722,-16.916,33,74,124.2424,actual Tower builders; smallBoss outside 10-multiple floor is diagnostic only
abyss,abyss/diagnostic,Shadow specimen,100,fire,elite,physical,40,earth,False,90,495,149,50,74,74,74,74,3861,3800,-1.5799,874,1160,32.7231,262,1022,290.0763,236.75,439.75,85.7445,389,722,85.6041,13,74,469.2308,"actual V174 east-region 40 encounter; different level/element explicitly recorded, NOT same-level TTK comparison"
adventure,adventure/diagnostic,Shadow specimen,100,fire,elite,physical,100,fire,True,210,495,149,50,74,74,74,74,1000,3800,280,650,1160,78.4615,590,1022,73.2203,540,439.75,-18.5648,486,722,48.5597,33,74,124.2424,actual final makeZoneMonster (Adventure direct construction contract)
wild,wild/zone/9,Shadow specimen,100,fire,smallBoss,physical,100,fire,True,210,495,149,50,74,74,74,74,1300,3800,192.3077,845,1160,37.2781,767,1022,33.2464,702,439.75,-37.3575,632,722,14.2405,33,74,124.2424,"actual V131/V158, diagnostic zone band 9; wild smallBoss direct rank is comparison only"
daily,daily/diagnostic,Shadow specimen,100,fire,smallBoss,physical,100,fire,True,109,495,149,50,74,74,74,74,3378,3800,12.4926,977,1160,18.7308,310,1022,229.6774,284,439.75,54.8415,511,722,41.2916,17,74,335.2941,"actual V132 + V158 exp; explicit three-member party, stage unspecified"
tower,tower/floor/100,Shadow specimen,100,fire,smallBoss,physical,100,fire,True,210,495,149,50,74,74,74,74,51866,3800,-92.6734,1860,1160,-37.6344,891,1022,14.7026,815,439.75,-46.0429,973,722,-25.7965,33,74,124.2424,actual Tower builders; smallBoss outside 10-multiple floor is diagnostic only
abyss,abyss/diagnostic,Shadow specimen,100,fire,smallBoss,physical,40,earth,False,90,495,149,50,74,74,74,74,9654,3800,-60.6381,874,1160,32.7231,262,1022,290.0763,236.75,439.75,85.7445,435,722,65.977,13,74,469.2308,"actual V174 east-region 40 encounter; different level/element explicitly recorded, NOT same-level TTK comparison"
adventure,adventure/diagnostic,Shadow specimen,100,fire,smallBoss,physical,100,fire,True,210,495,149,50,74,74,74,74,1000,3800,280,650,1160,78.4615,590,1022,73.2203,540,439.75,-18.5648,486,722,48.5597,33,74,124.2424,actual final makeZoneMonster (Adventure direct construction contract)
wild,wild/zone/9,Shadow specimen,100,fire,regular,magic,100,fire,True,210,495,50,149,74,74,74,74,1300,3800,192.3077,845,1160,37.2781,767,626,-18.3833,702,712,1.4245,632,722,14.2405,33,74,124.2424,"actual V131/V158, diagnostic zone band 9; wild smallBoss direct rank is comparison only"
daily,daily/diagnostic,Shadow specimen,100,fire,regular,magic,100,fire,True,109,495,50,149,74,74,74,74,751,3800,405.992,488,1160,137.7049,310,626,101.9355,284,712,150.7042,365,722,97.8082,17,74,335.2941,"actual V132 + V158 exp; explicit three-member party, stage unspecified"
tower,tower/floor/100,Shadow specimen,100,fire,regular,magic,100,fire,True,210,495,50,149,74,74,74,74,1430,3800,165.7343,930,1160,24.7312,590,626,6.1017,540,712,31.8519,695,722,3.8849,33,74,124.2424,actual Tower builders; smallBoss outside 10-multiple floor is diagnostic only
abyss,abyss/diagnostic,Shadow specimen,100,fire,regular,magic,40,earth,False,90,495,50,149,74,74,74,74,1207,3800,214.8302,437,1160,165.4462,262,626,138.9313,236.75,712,200.7392,311,722,132.1543,13,74,469.2308,"actual V174 east-region 40 encounter; different level/element explicitly recorded, NOT same-level TTK comparison"
adventure,adventure/diagnostic,Shadow specimen,100,fire,regular,magic,100,fire,True,210,495,50,149,74,74,74,74,1000,3800,280,650,1160,78.4615,590,626,6.1017,540,712,31.8519,486,722,48.5597,33,74,124.2424,actual final makeZoneMonster (Adventure direct construction contract)
wild,wild/zone/9,Shadow specimen,100,fire,elite,magic,100,fire,True,210,495,50,149,74,74,74,74,1300,3800,192.3077,845,1160,37.2781,767,626,-18.3833,702,712,1.4245,632,722,14.2405,33,74,124.2424,"actual V131/V158, diagnostic zone band 9; wild smallBoss direct rank is comparison only"
daily,daily/diagnostic,Shadow specimen,100,fire,elite,magic,100,fire,True,109,495,50,149,74,74,74,74,2402,3800,58.2015,977,1160,18.7308,310,626,101.9355,284,712,150.7042,456,722,58.3333,17,74,335.2941,"actual V132 + V158 exp; explicit three-member party, stage unspecified"
tower,tower/floor/100,Shadow specimen,100,fire,elite,magic,100,fire,True,210,495,50,149,74,74,74,74,4576,3800,-16.958,1860,1160,-37.6344,590,626,6.1017,540,712,31.8519,869,722,-16.916,33,74,124.2424,actual Tower builders; smallBoss outside 10-multiple floor is diagnostic only
abyss,abyss/diagnostic,Shadow specimen,100,fire,elite,magic,40,earth,False,90,495,50,149,74,74,74,74,3861,3800,-1.5799,874,1160,32.7231,262,626,138.9313,236.75,712,200.7392,389,722,85.6041,13,74,469.2308,"actual V174 east-region 40 encounter; different level/element explicitly recorded, NOT same-level TTK comparison"
adventure,adventure/diagnostic,Shadow specimen,100,fire,elite,magic,100,fire,True,210,495,50,149,74,74,74,74,1000,3800,280,650,1160,78.4615,590,626,6.1017,540,712,31.8519,486,722,48.5597,33,74,124.2424,actual final makeZoneMonster (Adventure direct construction contract)
wild,wild/zone/9,Shadow specimen,100,fire,smallBoss,magic,100,fire,True,210,495,50,149,74,74,74,74,1300,3800,192.3077,845,1160,37.2781,767,626,-18.3833,702,712,1.4245,632,722,14.2405,33,74,124.2424,"actual V131/V158, diagnostic zone band 9; wild smallBoss direct rank is comparison only"
daily,daily/diagnostic,Shadow specimen,100,fire,smallBoss,magic,100,fire,True,109,495,50,149,74,74,74,74,3378,3800,12.4926,977,1160,18.7308,310,626,101.9355,284,712,150.7042,511,722,41.2916,17,74,335.2941,"actual V132 + V158 exp; explicit three-member party, stage unspecified"
tower,tower/floor/100,Shadow specimen,100,fire,smallBoss,magic,100,fire,True,210,495,50,149,74,74,74,74,51866,3800,-92.6734,1860,1160,-37.6344,891,626,-29.7419,815,712,-12.638,973,722,-25.7965,33,74,124.2424,actual Tower builders; smallBoss outside 10-multiple floor is diagnostic only
abyss,abyss/diagnostic,Shadow specimen,100,fire,smallBoss,magic,40,earth,False,90,495,50,149,74,74,74,74,9654,3800,-60.6381,874,1160,32.7231,262,626,138.9313,236.75,712,200.7392,435,722,65.977,13,74,469.2308,"actual V174 east-region 40 encounter; different level/element explicitly recorded, NOT same-level TTK comparison"
adventure,adventure/diagnostic,Shadow specimen,100,fire,smallBoss,magic,100,fire,True,210,495,50,149,74,74,74,74,1000,3800,280,650,1160,78.4615,590,626,6.1017,540,712,31.8519,486,722,48.5597,33,74,124.2424,actual final makeZoneMonster (Adventure direct construction contract)
wild,wild/zone/9,Shadow specimen,100,fire,regular,tank,100,fire,True,210,495,74,25,149,50,148,49,1300,7550,480.7692,845,800,-5.3254,767,722,-5.867,702,371,-47.151,632,1018,61.0759,33,49,48.4848,"actual V131/V158, diagnostic zone band 9; wild smallBoss direct rank is comparison only"
daily,daily/diagnostic,Shadow specimen,100,fire,regular,tank,100,fire,True,109,495,74,25,149,50,148,49,751,7550,905.3262,488,800,63.9344,310,722,132.9032,284,371,30.6338,365,1018,178.9041,17,49,188.2353,"actual V132 + V158 exp; explicit three-member party, stage unspecified"
tower,tower/floor/100,Shadow specimen,100,fire,regular,tank,100,fire,True,210,495,74,25,149,50,148,49,1430,7550,427.972,930,800,-13.9785,590,722,22.3729,540,371,-31.2963,695,1018,46.4748,33,49,48.4848,actual Tower builders; smallBoss outside 10-multiple floor is diagnostic only
abyss,abyss/diagnostic,Shadow specimen,100,fire,regular,tank,40,earth,False,90,495,74,25,149,50,148,49,1207,7550,525.5178,437,800,83.0664,262,722,175.5725,236.75,371,56.7054,311,1018,227.3312,13,49,276.9231,"actual V174 east-region 40 encounter; different level/element explicitly recorded, NOT same-level TTK comparison"
adventure,adventure/diagnostic,Shadow specimen,100,fire,regular,tank,100,fire,True,210,495,74,25,149,50,148,49,1000,7550,655,650,800,23.0769,590,722,22.3729,540,371,-31.2963,486,1018,109.465,33,49,48.4848,actual final makeZoneMonster (Adventure direct construction contract)
wild,wild/zone/9,Shadow specimen,100,fire,elite,tank,100,fire,True,210,495,74,25,149,50,148,49,1300,7550,480.7692,845,800,-5.3254,767,722,-5.867,702,371,-47.151,632,1018,61.0759,33,49,48.4848,"actual V131/V158, diagnostic zone band 9; wild smallBoss direct rank is comparison only"
daily,daily/diagnostic,Shadow specimen,100,fire,elite,tank,100,fire,True,109,495,74,25,149,50,148,49,2402,7550,214.3214,977,800,-18.1167,310,722,132.9032,284,371,30.6338,456,1018,123.2456,17,49,188.2353,"actual V132 + V158 exp; explicit three-member party, stage unspecified"
tower,tower/floor/100,Shadow specimen,100,fire,elite,tank,100,fire,True,210,495,74,25,149,50,148,49,4576,7550,64.9913,1860,800,-56.9892,590,722,22.3729,540,371,-31.2963,869,1018,17.1461,33,49,48.4848,actual Tower builders; smallBoss outside 10-multiple floor is diagnostic only
abyss,abyss/diagnostic,Shadow specimen,100,fire,elite,tank,40,earth,False,90,495,74,25,149,50,148,49,3861,7550,95.5452,874,800,-8.4668,262,722,175.5725,236.75,371,56.7054,389,1018,161.6967,13,49,276.9231,"actual V174 east-region 40 encounter; different level/element explicitly recorded, NOT same-level TTK comparison"
adventure,adventure/diagnostic,Shadow specimen,100,fire,elite,tank,100,fire,True,210,495,74,25,149,50,148,49,1000,7550,655,650,800,23.0769,590,722,22.3729,540,371,-31.2963,486,1018,109.465,33,49,48.4848,actual final makeZoneMonster (Adventure direct construction contract)
wild,wild/zone/9,Shadow specimen,100,fire,smallBoss,tank,100,fire,True,210,495,74,25,149,50,148,49,1300,7550,480.7692,845,800,-5.3254,767,722,-5.867,702,371,-47.151,632,1018,61.0759,33,49,48.4848,"actual V131/V158, diagnostic zone band 9; wild smallBoss direct rank is comparison only"
daily,daily/diagnostic,Shadow specimen,100,fire,smallBoss,tank,100,fire,True,109,495,74,25,149,50,148,49,3378,7550,123.505,977,800,-18.1167,310,722,132.9032,284,371,30.6338,511,1018,99.2172,17,49,188.2353,"actual V132 + V158 exp; explicit three-member party, stage unspecified"
tower,tower/floor/100,Shadow specimen,100,fire,smallBoss,tank,100,fire,True,210,495,74,25,149,50,148,49,51866,7550,-85.4433,1860,800,-56.9892,891,722,-18.9675,815,371,-54.4785,973,1018,4.6249,33,49,48.4848,actual Tower builders; smallBoss outside 10-multiple floor is diagnostic only
abyss,abyss/diagnostic,Shadow specimen,100,fire,smallBoss,tank,40,earth,False,90,495,74,25,149,50,148,49,9654,7550,-21.7941,874,800,-8.4668,262,722,175.5725,236.75,371,56.7054,435,1018,134.023,13,49,276.9231,"actual V174 east-region 40 encounter; different level/element explicitly recorded, NOT same-level TTK comparison"
adventure,adventure/diagnostic,Shadow specimen,100,fire,smallBoss,tank,100,fire,True,210,495,74,25,149,50,148,49,1000,7550,655,650,800,23.0769,590,722,22.3729,540,371,-31.2963,486,1018,109.465,33,49,48.4848,actual final makeZoneMonster (Adventure direct construction contract)
wild,wild/zone/9,Shadow specimen,100,fire,regular,speedControl,100,fire,True,210,495,50,99,74,74,50,148,1300,3800,192.3077,845,1160,37.2781,767,626,-18.3833,702,574.5,-18.1624,632,626,-0.9494,33,148,348.4848,"actual V131/V158, diagnostic zone band 9; wild smallBoss direct rank is comparison only"
daily,daily/diagnostic,Shadow specimen,100,fire,regular,speedControl,100,fire,True,109,495,50,99,74,74,50,148,751,3800,405.992,488,1160,137.7049,310,626,101.9355,284,574.5,102.2887,365,626,71.5068,17,148,770.5882,"actual V132 + V158 exp; explicit three-member party, stage unspecified"
tower,tower/floor/100,Shadow specimen,100,fire,regular,speedControl,100,fire,True,210,495,50,99,74,74,50,148,1430,3800,165.7343,930,1160,24.7312,590,626,6.1017,540,574.5,6.3889,695,626,-9.9281,33,148,348.4848,actual Tower builders; smallBoss outside 10-multiple floor is diagnostic only
abyss,abyss/diagnostic,Shadow specimen,100,fire,regular,speedControl,40,earth,False,90,495,50,99,74,74,50,148,1207,3800,214.8302,437,1160,165.4462,262,626,138.9313,236.75,574.5,142.661,311,626,101.2862,13,148,1038.4615,"actual V174 east-region 40 encounter; different level/element explicitly recorded, NOT same-level TTK comparison"
adventure,adventure/diagnostic,Shadow specimen,100,fire,regular,speedControl,100,fire,True,210,495,50,99,74,74,50,148,1000,3800,280,650,1160,78.4615,590,626,6.1017,540,574.5,6.3889,486,626,28.8066,33,148,348.4848,actual final makeZoneMonster (Adventure direct construction contract)
wild,wild/zone/9,Shadow specimen,100,fire,elite,speedControl,100,fire,True,210,495,50,99,74,74,50,148,1300,3800,192.3077,845,1160,37.2781,767,626,-18.3833,702,574.5,-18.1624,632,626,-0.9494,33,148,348.4848,"actual V131/V158, diagnostic zone band 9; wild smallBoss direct rank is comparison only"
daily,daily/diagnostic,Shadow specimen,100,fire,elite,speedControl,100,fire,True,109,495,50,99,74,74,50,148,2402,3800,58.2015,977,1160,18.7308,310,626,101.9355,284,574.5,102.2887,456,626,37.2807,17,148,770.5882,"actual V132 + V158 exp; explicit three-member party, stage unspecified"
tower,tower/floor/100,Shadow specimen,100,fire,elite,speedControl,100,fire,True,210,495,50,99,74,74,50,148,4576,3800,-16.958,1860,1160,-37.6344,590,626,6.1017,540,574.5,6.3889,869,626,-27.9632,33,148,348.4848,actual Tower builders; smallBoss outside 10-multiple floor is diagnostic only
abyss,abyss/diagnostic,Shadow specimen,100,fire,elite,speedControl,40,earth,False,90,495,50,99,74,74,50,148,3861,3800,-1.5799,874,1160,32.7231,262,626,138.9313,236.75,574.5,142.661,389,626,60.9254,13,148,1038.4615,"actual V174 east-region 40 encounter; different level/element explicitly recorded, NOT same-level TTK comparison"
adventure,adventure/diagnostic,Shadow specimen,100,fire,elite,speedControl,100,fire,True,210,495,50,99,74,74,50,148,1000,3800,280,650,1160,78.4615,590,626,6.1017,540,574.5,6.3889,486,626,28.8066,33,148,348.4848,actual final makeZoneMonster (Adventure direct construction contract)
wild,wild/zone/9,Shadow specimen,100,fire,smallBoss,speedControl,100,fire,True,210,495,50,99,74,74,50,148,1300,3800,192.3077,845,1160,37.2781,767,626,-18.3833,702,574.5,-18.1624,632,626,-0.9494,33,148,348.4848,"actual V131/V158, diagnostic zone band 9; wild smallBoss direct rank is comparison only"
daily,daily/diagnostic,Shadow specimen,100,fire,smallBoss,speedControl,100,fire,True,109,495,50,99,74,74,50,148,3378,3800,12.4926,977,1160,18.7308,310,626,101.9355,284,574.5,102.2887,511,626,22.5049,17,148,770.5882,"actual V132 + V158 exp; explicit three-member party, stage unspecified"
tower,tower/floor/100,Shadow specimen,100,fire,smallBoss,speedControl,100,fire,True,210,495,50,99,74,74,50,148,51866,3800,-92.6734,1860,1160,-37.6344,891,626,-29.7419,815,574.5,-29.5092,973,626,-35.6629,33,148,348.4848,actual Tower builders; smallBoss outside 10-multiple floor is diagnostic only
abyss,abyss/diagnostic,Shadow specimen,100,fire,smallBoss,speedControl,40,earth,False,90,495,50,99,74,74,50,148,9654,3800,-60.6381,874,1160,32.7231,262,626,138.9313,236.75,574.5,142.661,435,626,43.908,13,148,1038.4615,"actual V174 east-region 40 encounter; different level/element explicitly recorded, NOT same-level TTK comparison"
adventure,adventure/diagnostic,Shadow specimen,100,fire,smallBoss,speedControl,100,fire,True,210,495,50,99,74,74,50,148,1000,3800,280,650,1160,78.4615,590,626,6.1017,540,574.5,6.3889,486,626,28.8066,33,148,348.4848,actual final makeZoneMonster (Adventure direct construction contract)
wild,wild/zone/9,Shadow specimen,100,fire,regular,support,100,fire,True,210,495,25,124,74,124,49,99,1300,3800,192.3077,845,1910,126.0355,767,526,-31.4211,702,643.25,-8.3689,632,622,-1.5823,33,99,200,"actual V131/V158, diagnostic zone band 9; wild smallBoss direct rank is comparison only"
daily,daily/diagnostic,Shadow specimen,100,fire,regular,support,100,fire,True,109,495,25,124,74,124,49,99,751,3800,405.992,488,1910,291.3934,310,526,69.6774,284,643.25,126.4965,365,622,70.411,17,99,482.3529,"actual V132 + V158 exp; explicit three-member party, stage unspecified"
tower,tower/floor/100,Shadow specimen,100,fire,regular,support,100,fire,True,210,495,25,124,74,124,49,99,1430,3800,165.7343,930,1910,105.3763,590,526,-10.8475,540,643.25,19.1204,695,622,-10.5036,33,99,200,actual Tower builders; smallBoss outside 10-multiple floor is diagnostic only
abyss,abyss/diagnostic,Shadow specimen,100,fire,regular,support,40,earth,False,90,495,25,124,74,124,49,99,1207,3800,214.8302,437,1910,337.0709,262,526,100.7634,236.75,643.25,171.7001,311,622,100,13,99,661.5385,"actual V174 east-region 40 encounter; different level/element explicitly recorded, NOT same-level TTK comparison"
adventure,adventure/diagnostic,Shadow specimen,100,fire,regular,support,100,fire,True,210,495,25,124,74,124,49,99,1000,3800,280,650,1910,193.8462,590,526,-10.8475,540,643.25,19.1204,486,622,27.9835,33,99,200,actual final makeZoneMonster (Adventure direct construction contract)
wild,wild/zone/9,Shadow specimen,100,fire,elite,support,100,fire,True,210,495,25,124,74,124,49,99,1300,3800,192.3077,845,1910,126.0355,767,526,-31.4211,702,643.25,-8.3689,632,622,-1.5823,33,99,200,"actual V131/V158, diagnostic zone band 9; wild smallBoss direct rank is comparison only"
daily,daily/diagnostic,Shadow specimen,100,fire,elite,support,100,fire,True,109,495,25,124,74,124,49,99,2402,3800,58.2015,977,1910,95.4964,310,526,69.6774,284,643.25,126.4965,456,622,36.4035,17,99,482.3529,"actual V132 + V158 exp; explicit three-member party, stage unspecified"
tower,tower/floor/100,Shadow specimen,100,fire,elite,support,100,fire,True,210,495,25,124,74,124,49,99,4576,3800,-16.958,1860,1910,2.6882,590,526,-10.8475,540,643.25,19.1204,869,622,-28.4235,33,99,200,actual Tower builders; smallBoss outside 10-multiple floor is diagnostic only
abyss,abyss/diagnostic,Shadow specimen,100,fire,elite,support,40,earth,False,90,495,25,124,74,124,49,99,3861,3800,-1.5799,874,1910,118.5355,262,526,100.7634,236.75,643.25,171.7001,389,622,59.8972,13,99,661.5385,"actual V174 east-region 40 encounter; different level/element explicitly recorded, NOT same-level TTK comparison"
adventure,adventure/diagnostic,Shadow specimen,100,fire,elite,support,100,fire,True,210,495,25,124,74,124,49,99,1000,3800,280,650,1910,193.8462,590,526,-10.8475,540,643.25,19.1204,486,622,27.9835,33,99,200,actual final makeZoneMonster (Adventure direct construction contract)
wild,wild/zone/9,Shadow specimen,100,fire,smallBoss,support,100,fire,True,210,495,25,124,74,124,49,99,1300,3800,192.3077,845,1910,126.0355,767,526,-31.4211,702,643.25,-8.3689,632,622,-1.5823,33,99,200,"actual V131/V158, diagnostic zone band 9; wild smallBoss direct rank is comparison only"
daily,daily/diagnostic,Shadow specimen,100,fire,smallBoss,support,100,fire,True,109,495,25,124,74,124,49,99,3378,3800,12.4926,977,1910,95.4964,310,526,69.6774,284,643.25,126.4965,511,622,21.7221,17,99,482.3529,"actual V132 + V158 exp; explicit three-member party, stage unspecified"
tower,tower/floor/100,Shadow specimen,100,fire,smallBoss,support,100,fire,True,210,495,25,124,74,124,49,99,51866,3800,-92.6734,1860,1910,2.6882,891,526,-40.9652,815,643.25,-21.0736,973,622,-36.074,33,99,200,actual Tower builders; smallBoss outside 10-multiple floor is diagnostic only
abyss,abyss/diagnostic,Shadow specimen,100,fire,smallBoss,support,40,earth,False,90,495,25,124,74,124,49,99,9654,3800,-60.6381,874,1910,118.5355,262,526,100.7634,236.75,643.25,171.7001,435,622,42.9885,13,99,661.5385,"actual V174 east-region 40 encounter; different level/element explicitly recorded, NOT same-level TTK comparison"
adventure,adventure/diagnostic,Shadow specimen,100,fire,smallBoss,support,100,fire,True,210,495,25,124,74,124,49,99,1000,3800,280,650,1910,193.8462,590,526,-10.8475,540,643.25,19.1204,486,622,27.9835,33,99,200,actual final makeZoneMonster (Adventure direct construction contract)
wild,wild/zone/9,Shadow specimen,100,fire,regular,balanced,100,fire,True,210,495,99,74,99,74,99,50,1300,5050,288.4615,845,1160,37.2781,767,822,7.1708,702,505.75,-27.9558,632,822,30.0633,33,50,51.5152,"actual V131/V158, diagnostic zone band 9; wild smallBoss direct rank is comparison only"
daily,daily/diagnostic,Shadow specimen,100,fire,regular,balanced,100,fire,True,109,495,99,74,99,74,99,50,751,5050,572.4368,488,1160,137.7049,310,822,165.1613,284,505.75,78.081,365,822,125.2055,17,50,194.1176,"actual V132 + V158 exp; explicit three-member party, stage unspecified"
tower,tower/floor/100,Shadow specimen,100,fire,regular,balanced,100,fire,True,210,495,99,74,99,74,99,50,1430,5050,253.1469,930,1160,24.7312,590,822,39.322,540,505.75,-6.3426,695,822,18.2734,33,50,51.5152,actual Tower builders; smallBoss outside 10-multiple floor is diagnostic only
abyss,abyss/diagnostic,Shadow specimen,100,fire,regular,balanced,40,earth,False,90,495,99,74,99,74,99,50,1207,5050,318.3927,437,1160,165.4462,262,822,213.7405,236.75,505.75,113.622,311,822,164.3087,13,50,284.6154,"actual V174 east-region 40 encounter; different level/element explicitly recorded, NOT same-level TTK comparison"
adventure,adventure/diagnostic,Shadow specimen,100,fire,regular,balanced,100,fire,True,210,495,99,74,99,74,99,50,1000,5050,405,650,1160,78.4615,590,822,39.322,540,505.75,-6.3426,486,822,69.1358,33,50,51.5152,actual final makeZoneMonster (Adventure direct construction contract)
wild,wild/zone/9,Shadow specimen,100,fire,elite,balanced,100,fire,True,210,495,99,74,99,74,99,50,1300,5050,288.4615,845,1160,37.2781,767,822,7.1708,702,505.75,-27.9558,632,822,30.0633,33,50,51.5152,"actual V131/V158, diagnostic zone band 9; wild smallBoss direct rank is comparison only"
daily,daily/diagnostic,Shadow specimen,100,fire,elite,balanced,100,fire,True,109,495,99,74,99,74,99,50,2402,5050,110.2415,977,1160,18.7308,310,822,165.1613,284,505.75,78.081,456,822,80.2632,17,50,194.1176,"actual V132 + V158 exp; explicit three-member party, stage unspecified"
tower,tower/floor/100,Shadow specimen,100,fire,elite,balanced,100,fire,True,210,495,99,74,99,74,99,50,4576,5050,10.3584,1860,1160,-37.6344,590,822,39.322,540,505.75,-6.3426,869,822,-5.4085,33,50,51.5152,actual Tower builders; smallBoss outside 10-multiple floor is diagnostic only
abyss,abyss/diagnostic,Shadow specimen,100,fire,elite,balanced,40,earth,False,90,495,99,74,99,74,99,50,3861,5050,30.7951,874,1160,32.7231,262,822,213.7405,236.75,505.75,113.622,389,822,111.3111,13,50,284.6154,"actual V174 east-region 40 encounter; different level/element explicitly recorded, NOT same-level TTK comparison"
adventure,adventure/diagnostic,Shadow specimen,100,fire,elite,balanced,100,fire,True,210,495,99,74,99,74,99,50,1000,5050,405,650,1160,78.4615,590,822,39.322,540,505.75,-6.3426,486,822,69.1358,33,50,51.5152,actual final makeZoneMonster (Adventure direct construction contract)
wild,wild/zone/9,Shadow specimen,100,fire,smallBoss,balanced,100,fire,True,210,495,99,74,99,74,99,50,1300,5050,288.4615,845,1160,37.2781,767,822,7.1708,702,505.75,-27.9558,632,822,30.0633,33,50,51.5152,"actual V131/V158, diagnostic zone band 9; wild smallBoss direct rank is comparison only"
daily,daily/diagnostic,Shadow specimen,100,fire,smallBoss,balanced,100,fire,True,109,495,99,74,99,74,99,50,3378,5050,49.4967,977,1160,18.7308,310,822,165.1613,284,505.75,78.081,511,822,60.8611,17,50,194.1176,"actual V132 + V158 exp; explicit three-member party, stage unspecified"
tower,tower/floor/100,Shadow specimen,100,fire,smallBoss,balanced,100,fire,True,210,495,99,74,99,74,99,50,51866,5050,-90.2634,1860,1160,-37.6344,891,822,-7.7441,815,505.75,-37.9448,973,822,-15.519,33,50,51.5152,actual Tower builders; smallBoss outside 10-multiple floor is diagnostic only
abyss,abyss/diagnostic,Shadow specimen,100,fire,smallBoss,balanced,40,earth,False,90,495,99,74,99,74,99,50,9654,5050,-47.6901,874,1160,32.7231,262,822,213.7405,236.75,505.75,113.622,435,822,88.9655,13,50,284.6154,"actual V174 east-region 40 encounter; different level/element explicitly recorded, NOT same-level TTK comparison"
adventure,adventure/diagnostic,Shadow specimen,100,fire,smallBoss,balanced,100,fire,True,210,495,99,74,99,74,99,50,1000,5050,405,650,1160,78.4615,590,822,39.322,540,505.75,-6.3426,486,822,69.1358,33,50,51.5152,actual final makeZoneMonster (Adventure direct construction contract)
